Frame;Time;RHandPosition_x;RHandPosition_y;RHandPosition_z;RHandRotation_x;RHandRotation_y;RHandRotation_z;RHandVelocity_x;RHandVelocity_y;RHandVelocity_z
1085;0,0371457;-0,2895;0,6339;0,5764;8,4159;339,8037;65,8639;-0,0352;0,0076;-0,0322
1090;0,0969018;-0,2909;0,6348;0,5755;8,2963;339,6203;65,8985;-0,0581;0,0521;-0,0436
1095;0,1660872;-0,2926;0,6365;0,5747;8,1241;339,3763;65,924;-0,0512;0,0698;-0,0188
1100;0,235221;-0,2939;0,6395;0,5741;7,6912;339,1428;66,0931;-0,0228;0,1167;-0,0075
1105;0,3045676;-0,2944;0,6422;0,5742;7,4956;339,1918;65,8836;-0,0165;0,1472;0,0005
1110;0,3737518;-0,2944;0,6443;0,5742;7,292;339,2372;65,9078;-0,004;0,1115;-0,0136
1115;0,443132;-0,2943;0,6455;0,574;7,218;339,2053;65,8921;0,0076;0,032;-0,0053
1120;0,5125998;-0,294;0,6459;0,5744;7,1714;339,1909;65,8524;0,016;-0,012;0,0326
1125;0,5820545;-0,2935;0,6455;0,575;7,0941;339,1875;65,7827;0,0257;-0,0185;0,0332
1130;0,6519964;-0,2931;0,6453;0,5755;7,0362;339,1962;65,7543;0,019;-0,0045;0,0239
1135;0,7209527;-0,2928;0,6457;0,5758;6,9445;339,2588;65,6921;0,0113;0,0038;0,0078
1140;0,7902458;-0,2923;0,6461;0,5762;6,9185;339,2937;65,6308;0,0113;0,0063;0,0047
1145;0,860015;-0,2922;0,6461;0,5761;6,9441;339,186;65,7165;-0,0044;0,0147;-0,0165
1150;0,9294316;-0,2923;0,6468;0,5759;6,8613;339,1281;65,6449;-0,0085;0,0487;-0,0098
1155;0,9987415;-0,2925;0,6476;0,5759;6,7657;339,0546;65,6303;-0,0119;0,0635;-0,0078
1160;1,069844;-0,293;0,6495;0,5756;6,5759;338,8869;65,5892;-0,0259;0,1106;-0,0072
1165;1,137825;-0,2938;0,6524;0,5752;6,3027;338,7225;65,4725;-0,027;0,0841;-0,0073
1170;1,207091;-0,2947;0,6549;0,5748;6,0961;338,566;65,3572;-0,029;0,0792;-0,0099
1175;1,276541;-0,2955;0,6565;0,574;5,9769;338,3279;65,3237;-0,022;0,0422;-0,0185
1180;1,346236;-0,2962;0,6577;0,5734;5,8604;338,1793;65,3006;-0,0157;0,0289;-0,0061
1185;1,415676;-0,2965;0,6584;0,5735;5,7667;338,1449;65,2888;-0,002;0,0186;0,009
1190;1,485174;-0,2965;0,6589;0,5739;5,7534;338,1487;65,3008;0,0054;0,0372;0,0074
1195;1,555677;-0,2961;0,6602;0,5744;5,6693;338,1603;65,3871;0,0257;0,0736;0,0285
1200;1,623835;-0,2956;0,6623;0,5749;5,438;338,252;65,3173;0,0086;0,0564;0,0001
1205;1,694562;-0,2954;0,6639;0,575;5,26;338,2296;65,3035;0,0034;0,0486;0,0005
1210;1,762496;-0,2954;0,6648;0,5751;5,1194;338,185;65,2573;-0,0018;0,0181;0,0208
1215;1,832282;-0,2955;0,6648;0,5752;5,0097;338,1973;65,0997;-0,0074;-0,0283;0,0066
1220;1,901897;-0,296;0,6637;0,5741;5,0372;337,9607;65,0817;-0,0153;-0,0519;-0,0352
1225;1,971544;-0,2964;0,6636;0,5735;4,9997;337,9424;64,8549;-0,0104;0,0111;-0,0276
1230;2,040531;-0,2969;0,6639;0,5734;4,9548;337,903;64,6259;-0,0091;0,008;0,0169
1235;2,109944;-0,2976;0,6651;0,5733;4,8149;337,748;64,557;-0,039;0,0604;-0,0073
1240;2,179621;-0,2987;0,6675;0,5729;4,586;337,5248;64,5444;-0,0414;0,1104;-0,0219
1245;2,249032;-0,2996;0,6708;0,5729;4,2599;337,4098;64,4648;-0,0253;0,1061;0,0016
1250;2,31844;-0,3006;0,6744;0,5733;3,8824;337,3154;64,4161;-0,0348;0,155;0,0241
1255;2,387952;-0,3012;0,6775;0,5735;3,5765;337,2817;64,3032;-0,0165;0,0665;-0,0039
1260;2,457397;-0,3016;0,6803;0,5734;3,3118;337,1961;64,3927;-0,0068;0,1493;0,0108
1265;2,526807;-0,3017;0,683;0,5735;3,0461;337,1664;64,3877;-0,0002;0,0849;0,0032
1270;2,596186;-0,3015;0,6852;0,574;2,8913;337,1299;64,6017;0,0125;0,0875;0,0159
1275;2,665759;-0,3009;0,6881;0,575;2,6473;337,2184;64,6637;0,0174;0,1293;0,0342
1280;2,735585;-0,3009;0,6905;0,575;2,4651;337,1514;64,743;0,0014;0,0456;-0,0027
1285;2,804651;-0,301;0,6922;0,5748;2,3144;337,0722;64,7162;-0,0081;0,0304;-0,0186
1290;2,87415;-0,3013;0,6929;0,5743;2,2526;336,968;64,7323;-0,0057;0,016;-0,0161
1295;2,943437;-0,3018;0,6926;0,5745;2,2115;336,8824;64,6925;-0,0106;0,0205;-0,0231
1300;3,012953;-0,3023;0,6919;0,5752;2,2135;336,8052;64,6761;-0,0174;0,0007;-0,0059
1305;3,082565;-0,3026;0,6918;0,5757;2,1331;336,8085;64,5496;-0,0048;0,0032;0,0139
1310;3,152183;-0,3028;0,6917;0,5764;2,0947;336,7979;64,573;-0,009;0,016;0,0032
1315;3,221898;-0,3028;0,6918;0,5766;2,0529;336,8494;64,5031;-0,0018;0,0052;0,0098
1320;3,290711;-0,303;0,6926;0,5767;1,9262;336,8242;64,4819;-0,0175;0,0426;0,0126
1325;3,360193;-0,3034;0,6939;0,5768;1,7738;336,8069;64,405;-0,0208;0,0773;-0,0029
1330;3,429744;-0,3038;0,6952;0,577;1,6397;336,7973;64,3971;-0,0187;0,0547;0,0039
1335;3,499316;-0,3041;0,6968;0,5771;1,4761;336,812;64,2915;-0,0114;0,0488;-0,0014
1340;3,568791;-0,3048;0,6989;0,5768;1,2572;336,6633;64,2659;-0,0324;0,1004;-0,0246
1345;3,637832;-0,3057;0,7008;0,576;1,0576;336,5019;64,124;-0,0415;0,0492;-0,0397
1350;3,707392;-0,3072;0,7027;0,575;0,8312;336,2414;64,1098;-0,0381;0,0451;-0,0126
1355;3,776638;-0,3081;0,7039;0,5747;0,7778;336,1693;64,014;-0,0297;0,0409;-0,0093
1360;3,845932;-0,3089;0,7051;0,5747;0,6611;336,1483;63,8967;-0,0344;0,0551;0,0036
1365;3,915676;-0,3094;0,7062;0,5748;0,5844;336,0971;63,8768;-0,0139;0,0546;0,0102
1370;3,985506;-0,3099;0,7074;0,5747;0,5035;336,0417;63,8509;-0,0205;0,0495;-0,0064
1375;4,054937;-0,3102;0,7078;0,5752;0,436;335,9984;63,8351;-0,0127;0,0063;0,0143
1380;4,124016;-0,3107;0,708;0,5758;0,4375;335,9061;63,9463;-0,0296;0,039;0,0123
1385;4,193518;-0,3113;0,7089;0,5762;0,3142;335,8779;63,9606;-0,0183;0,0381;0,0072
1390;4,263228;-0,3123;0,7104;0,5762;0,2079;335,7794;63,9549;-0,0315;0,0684;-0,0009
1395;4,332551;-0,3128;0,7129;0,5764;359,9575;335,7879;63,8516;-0,0194;0,0784;0,0033
1400;4,402112;-0,3139;0,7158;0,5758;359,7068;335,5356;63,918;-0,0564;0,1618;-0,0297
1405;4,471056;-0,315;0,7184;0,5759;359,4874;335,386;64,0027;-0,0683;0,1037;-0,0135
1410;4,540739;-0,3164;0,721;0,5757;359,3028;335,2672;63,9883;-0,0564;0,0959;-0,0021
1415;4,610074;-0,3174;0,7236;0,5756;359,0714;335,1965;63,8376;-0,0192;0,0519;-0,0053
1420;4,679744;-0,3176;0,7248;0,5756;359,0337;335,1496;63,9238;-0,007;0,0651;0,0036
1425;4,749361;-0,3172;0,7265;0,5762;358,9123;335,2456;63,9248;0,0321;0,1245;0,0377
1430;4,818704;-0,3161;0,7286;0,5774;358,779;335,4804;63,9151;0,0664;0,0805;0,0763
1435;4,887872;-0,3148;0,7305;0,5788;358,6546;335,703;63,8965;0,0318;0,0447;0,0279
1440;4,957314;-0,3136;0,7331;0,5802;358,4409;335,936;63,7297;0,0232;0,0825;0,0544
1445;5,02708;-0,3132;0,7351;0,5807;358,2887;335,9496;63,6704;0,019;0,0937;0,0242
1450;5,096392;-0,3131;0,7375;0,5809;358,148;336,063;63,415;-0,0056;0,1114;-0,0058
1455;5,165701;-0,3133;0,74;0,5804;357,8269;336,0202;63,1695;-0,0043;0,0273;0,0024
1460;5,235363;-0,3137;0,7402;0,5806;357,8393;335,9689;63,1446;-0,0208;-0,013;0,0336
1465;5,3047;-0,3132;0,7414;0,5812;357,7112;336,1259;62,7551;0,0166;-0,0098;0,0301
1470;5,373968;-0,3122;0,7418;0,5818;357,6861;336,2973;62,6595;0,0191;-0,008;0,0188
1475;5,443658;-0,3112;0,7419;0,5823;357,6643;336,3821;62,693;0,0324;-0,0161;0,0223
1480;5,512968;-0,3107;0,7416;0,5828;357,642;336,3629;62,8086;0,0082;-0,0305;0,0385
1485;5,582454;-0,3102;0,7413;0,5828;357,6752;336,4171;62,7714;0,0211;-0,0153;0,0109
1490;5,651999;-0,3095;0,7415;0,5832;357,6712;336,5452;62,6811;0,0345;0,0311;0,0166
1495;5,72111;-0,3083;0,7427;0,584;357,5475;336,6736;62,6025;0,0476;0,0661;0,0303
1500;5,790737;-0,3067;0,7453;0,5848;357,3245;336,8245;62,5478;0,0661;0,1129;0,0266
1505;5,860154;-0,3047;0,7483;0,586;356,9653;337,0371;62,4936;0,0595;0,1116;0,0228
1510;5,929802;-0,3033;0,7508;0,5865;356,7559;337,0707;62,4881;0,0916;0,1583;0,0193
1515;5,999111;-0,3021;0,7528;0,587;356,5504;337,1837;62,4101;0,04;0,0725;0,0044
1520;6,068706;-0,3011;0,7542;0,5872;356,4185;337,2069;62,5047;0,0399;0,0715;-0,0003
1525;6,138087;-0,3006;0,7557;0,5876;356,2902;337,2178;62,4957;0,0194;0,0842;0,0003
1530;6,207432;-0,3004;0,7575;0,5881;356,1185;337,2905;62,3812;0,0055;0,0717;0,0029
1535;6,277231;-0,3004;0,7592;0,5883;355,9809;337,2867;62,3277;0,0049;0,0659;0,0065
1540;6,345849;-0,3002;0,7602;0,5886;355,8786;337,3069;62,3154;0,0063;0,0229;0,0139
1545;6,415724;-0,2996;0,7608;0,5895;355,7626;337,3792;62,386;0,0279;0,0313;0,0236
1550;6,485516;-0,299;0,7611;0,5902;355,7617;337,3538;62,4817;0,0285;0,025;0,0361
1555;6,554718;-0,2976;0,7626;0,5917;355,5374;337,6432;62,2284;0,0006;-0,0171;0,0277
1560;6,624219;-0,2967;0,7634;0,5921;355,4714;337,6036;62,4744;0,0274;0,0239;0,0207
1565;6,693419;-0,2961;0,7645;0,5926;355,3623;337,6856;62,3616;0,0129;0,025;0,0312
1570;6,762981;-0,2957;0,7654;0,5933;355,253;337,7513;62,297;0,0068;0,0107;0,0459
1575;6,832646;-0,2955;0,7659;0,5938;355,1759;337,7466;62,2895;0;-0,0162;0,0401
1580;6,90197;-0,2948;0,7667;0,5946;355,0667;337,8289;62,2214;0,0545;0,0667;0,0589
1585;6,971151;-0,2942;0,7673;0,595;354,9804;337,8733;62,2715;0,027;0,0222;0,0176
1590;7,040974;-0,2938;0,7677;0,5954;354,957;337,845;62,4358;0;-0,0043;0,0252
1595;7,110158;-0,2936;0,7681;0,5958;354,9122;337,8582;62,4429;0,0049;0,0021;0,025
1600;7,179708;-0,2932;0,7686;0,5965;354,8669;337,873;62,4609;0,021;0,0224;0,0453
1605;7,24931;-0,2927;0,7701;0,597;354,7424;337,8661;62,5572;0,0165;0,0834;0,0267
1610;7,31885;-0,2922;0,7727;0,5976;354,4767;337,9041;62,5448;0,0207;0,1031;0,0278
1615;7,387815;-0,2919;0,7755;0,5982;354,2368;337,9261;62,5544;0,0141;0,111;0,0171
1620;7,457237;-0,2914;0,778;0,5985;354,0448;337,9518;62,4337;0,0123;0,0817;0,006
1625;7,526579;-0,2911;0,7805;0,5987;353,7927;337,9175;62,4194;0,0088;0,0694;0,0041
1630;7,596045;-0,2908;0,7826;0,5984;353,6236;337,823;62,4436;0,0091;0,0935;-0,0065
1635;7,665397;-0,2907;0,784;0,5982;353,5341;337,7405;62,5574;0,008;0,0306;0,0008
1640;7,735811;-0,2905;0,7852;0,5984;353,4424;337,7992;62,4646;0,0237;0,0726;0,0116
1645;7,804556;-0,2903;0,786;0,5983;353,409;337,7608;62,4956;0,0127;0,0365;-0,0066
1650;7,873813;-0,29;0,7861;0,5989;353,3986;337,7776;62,5026;0,0271;0,02;0,0109
1655;7,943217;-0,2892;0,7869;0,5995;353,3063;337,9362;62,4114;0,0584;0,0601;0,0292
1660;8,012972;-0,2889;0,7873;0,5996;353,2799;337,9386;62,4996;0,009;0,0267;0,0075
1665;8,082502;-0,2888;0,7892;0,5997;353,0647;337,9807;62,3493;0,0146;0,1103;0,0006
1670;8,152063;-0,2882;0,7909;0,5999;352,8524;338,1221;62,1394;0,0197;0,0344;0,0055
1675;8,221467;-0,2878;0,7916;0,6;352,7909;338,0831;62,2303;0,0089;0,0172;0,0282
1680;8,290669;-0,2874;0,7922;0,6005;352,7217;338,1851;62,1147;0,0131;0,0086;0,0347
1685;8,36007;-0,2874;0,7936;0,601;352,5583;338,382;61,6717;-0,0219;0,0272;-0,0056
1690;8,429407;-0,2884;0,7942;0,6005;352,511;338,207;61,7264;-0,0426;0,0294;-0,0197
1695;8,49895;-0,2892;0,7951;0,6001;352,4057;338,1166;61,6309;-0,0181;0,0358;-0,0105
1700;8,56892;-0,2895;0,7963;0,5998;352,2855;338,0773;61,5383;0,0011;0,0742;-0,009
1705;8,637942;-0,2893;0,7986;0,6001;352,1167;338,2;61,2987;0,0113;0,1475;0,0277
1710;8,707162;-0,2892;0,8017;0,6002;351,7874;338,2955;61,0872;-0,0067;0,0677;-0,0143
1715;8,77655;-0,2892;0,8035;0,6004;351,6147;338,2386;61,1867;0,0028;0,0602;0,0182
1720;8,846156;-0,289;0,8051;0,6006;351,4867;338,2521;61,2133;0,01;0,0622;-0,0014
1725;8,915726;-0,2888;0,8057;0,6008;351,3868;338,2678;61,2417;0,0037;0,0108;0,0095
1730;8,985278;-0,2886;0,8059;0,6011;351,3201;338,2542;61,2576;0,0109;0,002;0,0098
1735;9,054638;-0,2885;0,8059;0,6013;351,2707;338,2593;61,1792;0,0055;0,0009;0,0011
1740;9,124565;-0,2881;0,8063;0,6014;351,1759;338,2252;61,205;0,0216;0,0267;0,0125
1745;9,194591;-0,2877;0,8067;0,6015;351,1296;338,241;61,1862;0,0131;0,0147;0,014
1750;9,262689;-0,2872;0,8077;0,6018;351,0082;338,2719;61,2509;0,0329;0,0619;0,0255
1755;9,332108;-0,2862;0,8096;0,6024;350,839;338,4672;61,0021;0,0112;0,0383;0,013
1760;9,401916;-0,2855;0,8113;0,6029;350,6915;338,5404;60,9741;0,0397;0,1054;0,0274
1765;9,471152;-0,2847;0,8139;0,6033;350,4579;338,7244;60,6843;0,035;0,1381;0,0218
1770;9,5406;-0,2845;0,816;0,6032;350,2493;338,7675;60,5603;0,0014;0,0868;-0,0066
1775;9,610053;-0,2846;0,8175;0,6029;350,1034;338,7181;60,5804;-0,0099;0,047;-0,0155
1780;9,679533;-0,2849;0,8183;0,6026;350,0514;338,5869;60,6875;-0,0056;0,0194;0,0032
1785;9,749112;-0,2849;0,8195;0,6033;349,9001;338,6882;60,4532;-0,0033;0,0582;0,0049
1790;9,818687;-0,2852;0,8207;0,6032;349,7694;338,6333;60,4269;-0,0088;0,0293;0,0088
1795;9,887939;-0,2852;0,822;0,6035;349,6309;338,6407;60,3072;0,0001;0,0177;0,0062
1800;9,957216;-0,285;0,8229;0,6036;349,5304;338,6391;60,2855;0,0055;0,023;0,006
1805;10,02649;-0,2848;0,8234;0,6038;349,4605;338,6339;60,3438;0,0161;0,0442;0,0064
1810;10,09617;-0,2844;0,824;0,6039;349,407;338,7189;60,25;0,0126;0,0276;-0,0102
1815;10,16561;-0,284;0,8248;0,604;349,3579;338,7346;60,3262;0,0299;0,0615;0,0088
1820;10,23544;-0,2834;0,8269;0,6042;349,1541;338,7846;60,2537;0,0248;0,0929;-0,0001
1825;10,30442;-0,2828;0,8294;0,6043;348,9211;338,881;59,9858;0,0089;0,0682;-0,007
1830;10,37404;-0,2825;0,8307;0,6043;348,7704;338,8853;60,001;0,0176;0,0612;-0,0035
1835;10,44362;-0,2824;0,8318;0,6043;348,6805;338,8485;60,0219;-0,0003;0,0519;0,0012
1840;10,51283;-0,2825;0,8327;0,6046;348,5733;338,821;60,0239;-0,0009;0,0098;0,0193
1845;10,58241;-0,2827;0,834;0,6047;348,4633;338,7889;60,0575;-0,0065;0,0648;0,0067
1850;10,65201;-0,2827;0,8358;0,605;348,3057;338,8132;59,9964;-0,0001;0,0702;0,0147
1855;10,72255;-0,2823;0,8383;0,6055;348,0934;338,7957;60,1176;0,0182;0,0976;0,0249
1860;10,79016;-0,2815;0,8409;0,6058;347,8203;338,7621;60,3581;0,0369;0,0846;0,0155
1865;10,86038;-0,2804;0,8428;0,6057;347,6752;338,8624;60,2494;0,0305;0,0507;-0,0035
1870;10,92899;-0,28;0,8436;0,6051;347,6312;338,7747;60,3046;0,0063;0,0093;-0,0107
1875;10,9989;-0,2801;0,8435;0,6056;347,6456;338,6544;60,5169;-0,0124;0,0249;0,0092
1880;11,06828;-0,2804;0,8453;0,6054;347,5175;338,4691;60,8386;-0,0138;0,1145;-0,0032
1885;11,13819;-0,2805;0,8478;0,6051;347,3079;338,4756;60,7274;-0,0101;0,0422;-0,012
1890;11,20682;-0,2812;0,8492;0,604;347,219;338,1405;61,1721;-0,0384;0,0529;-0,0498
1895;11,27628;-0,2813;0,8502;0,6038;347,1243;338,0539;61,1954;0,0015;0,0682;-0,0147
1900;11,34578;-0,2811;0,8514;0,6034;347,0369;338,0331;61,1937;0,0051;0,0404;-0,0116
1905;11,4156;-0,2809;0,8519;0,6037;346,9883;338,0529;61,2267;0,0199;0,0247;0,01
1910;11,48499;-0,2802;0,8522;0,604;346,9513;338,2268;60,9324;-0,0057;-0,0236;0,0106
1915;11,5542;-0,2799;0,8518;0,604;347,018;338,2091;61,0378;0,0057;0,0024;-0,0087
1920;11,62397;-0,2794;0,8518;0,604;346,9875;338,3029;60,8815;0,0123;-0,0076;0,0065
1925;11,69315;-0,2794;0,852;0,6038;346,9475;338,269;60,8779;-0,0066;0,0111;0,0078
1930;11,76269;-0,2797;0,8526;0,6037;346,8573;338,2266;60,8397;-0,0028;0,0131;0,0124
1935;11,83201;-0,2799;0,8532;0,6038;346,7758;338,1899;60,8395;-0,0051;0,0077;0,0143
1940;11,90161;-0,2802;0,854;0,604;346,682;338,1617;60,8776;-0,0112;0,0333;-0,004
1945;11,97101;-0,2807;0,8554;0,6038;346,5308;338,0896;60,883;-0,0239;0,0709;-0,0238
1950;12,04044;-0,2811;0,8567;0,6032;346,3499;338,0286;60,7997;-0,0213;0,0391;-0,0265
1955;12,10993;-0,2816;0,857;0,6031;346,3004;337,9028;60,9445;-0,0159;0,0052;0,0185
1960;12,17935;-0,2823;0,8575;0,603;346,2359;337,8162;60,9873;-0,0315;0,0197;-0,0013
1965;12,24876;-0,2832;0,858;0,6025;346,2043;337,6668;61,1051;-0,0157;0,0182;-0,0127
1970;12,31848;-0,2841;0,8584;0,6022;346,1725;337,5422;61,1893;-0,0217;0,019;-0,009
1975;12,38761;-0,2847;0,8597;0,6017;346,0119;337,5015;61,0669;-0,008;0,0141;-0,0066
1980;12,45727;-0,285;0,8603;0,6014;345,9849;337,3997;61,2159;0,0005;0,029;-0,0067
1985;12,52644;-0,2848;0,8611;0,6014;345,8817;337,4667;61,0731;0,0027;0,0066;0,0018
1990;12,59584;-0,2849;0,8615;0,6014;345,9;337,3781;61,3711;0;0,0187;0,0056
1995;12,6653;-0,2848;0,8629;0,6014;345,7577;337,5008;61,1765;-0,0009;0,042;-0,003
2000;12,73528;-0,285;0,8631;0,6012;345,8656;337,4699;61,2753;-0,0279;-0,0177;-0,0061
2005;12,80419;-0,2852;0,8634;0,6008;345,807;337,3802;61,3828;-0,0166;0,017;-0,0176
2010;12,87411;-0,2855;0,8636;0,6008;345,8159;337,3551;61,3352;-0,018;0,0119;-0,0167
2015;12,94326;-0,2859;0,8638;0,6004;345,7703;337,2435;61,3475;-0,0179;0,0096;-0,0167
2020;13,01271;-0,2862;0,8641;0,6005;345,7243;337,175;61,4071;-0,0057;0,016;-0,0039
2025;13,08216;-0,2862;0,8647;0,6006;345,6233;337,1478;61,3941;0,0025;0,0291;-0,0001
2030;13,152;-0,2863;0,8652;0,6007;345,599;337,1107;61,4357;-0,0065;0,0193;-0,0019
2035;13,221;-0,2869;0,866;0,6003;345,5636;336,9915;61,6151;-0,0317;0,0585;-0,0301
2040;13,29047;-0,2875;0,8675;0,5994;345,4167;336,9089;61,4427;-0,0225;0,0386;-0,0458
2045;13,35982;-0,288;0,8683;0,5986;345,3252;336,7501;61,4661;-0,0117;0,0184;-0,0205
2050;13,42979;-0,2884;0,869;0,5983;345,2763;336,634;61,6362;-0,0078;0,0334;0,0095
2055;13,49904;-0,2888;0,8703;0,5983;345,1259;336,6408;61,5911;-0,0114;0,0442;-0,005
2060;13,56866;-0,2894;0,8704;0,5981;345,1954;336,5847;61,6952;-0,0237;-0,0011;-0,021
2065;13,63781;-0,29;0,871;0,5976;345,1257;336,4993;61,6759;-0,0221;0,0257;-0,0135
2070;13,70731;-0,2905;0,8714;0,5975;345,0985;336,3941;61,7778;-0,0109;0,0044;0,0189
2075;13,77652;-0,2903;0,8718;0,5977;345,0261;336,5424;61,529;-0,0054;-0,018;0,0101
2080;13,84592;-0,2903;0,8718;0,5974;345,1134;336,4642;61,7721;-0,0029;0,0392;-0,0377
2085;13,91558;-0,2902;0,8727;0,5976;345,0324;336,5001;61,7406;0,0041;0,04;0,0057
2090;13,98527;-0,2903;0,8741;0,5974;344,9389;336,5171;61,6776;-0,0096;0,0378;-0,0175
2095;14,05439;-0,2909;0,8745;0,5971;344,9465;336,3246;61,9412;-0,0147;0,0189;-0,0092
2100;14,12386;-0,291;0,8756;0,5973;344,8848;336,3166;61,928;-0,0029;0,0819;0,0116
2105;14,19331;-0,291;0,8775;0,5974;344,73;336,3524;61,9751;0,0027;0,056;0,0053
2110;14,26264;-0,2911;0,8792;0,5972;344,6188;336,3147;62,1023;-0,0073;0,0738;-0,0156
2115;14,33345;-0,2913;0,881;0,597;344,4629;336,2906;62,0426;-0,016;0,0573;-0,0141
2120;14,4015;-0,2915;0,8827;0,5966;344,3294;336,2427;62,1765;-0,0081;0,0649;-0,0046
2125;14,47072;-0,2918;0,8843;0,5961;344,2133;336,2363;62,0681;-0,0201;0,0301;-0,0287
2130;14,54021;-0,2925;0,8851;0,5951;344,1409;336,1743;61,974;-0,0322;0,018;-0,0259
2135;14,6101;-0,2938;0,8857;0,5942;344,042;335,967;62,1022;-0,0403;0,0305;-0,0366
2140;14,6801;-0,2951;0,8864;0,5928;343,9782;335,8394;61,889;-0,0438;-0,0026;-0,0488
2145;14,74853;-0,2961;0,8861;0,5917;343,9568;335,6768;62,014;-0,0542;-0,0256;-0,0546
2150;14,81833;-0,2965;0,8854;0,5914;344,0252;335,6166;61,9983;-0,0041;-0,0227;-0,0006
2155;14,8876;-0,2963;0,8852;0,5915;344,0284;335,6872;61,8904;0,0145;0,0009;0,0086
2160;14,95709;-0,2961;0,8852;0,5917;344,0241;335,7163;61,9125;0,0003;0,0033;0,0125
2165;15,0264;-0,2963;0,8861;0,592;343,9197;335,7071;61,9852;-0,0128;0,0341;0,0424
2170;15,09581;-0,2968;0,8878;0,5919;343,7737;335,6305;62,0871;-0,0138;0,0573;-0,0087
2175;15,1653;-0,2974;0,8902;0,5916;343,561;335,621;62,0142;-0,0273;0,0794;-0,0067
2180;15,23499;-0,2978;0,8928;0,5911;343,2879;335,5745;61,9875;-0,0109;0,0758;-0,0048
2185;15,30421;-0,2979;0,8944;0,5907;343,1862;335,4777;62,0796;0,0031;0,0756;-0,019
2190;15,37367;-0,2967;0,8977;0,5906;342,7947;335,7684;61,5547;0,0224;0,0103;0,0151
2195;15,44335;-0,2963;0,8977;0,5905;342,8568;335,7085;61,7912;0,0161;0,0055;-0,0096
2200;15,51254;-0,2965;0,8976;0,5913;342,8419;335,6296;61,9592;-0,0211;-0,0039;0,0943
2205;15,58215;-0,2969;0,8984;0,5911;342,733;335,5712;61,8913;-0,0206;0,0209;0,0001
2210;15,65197;-0,2975;0,8991;0,5912;342,6748;335,5048;61,9647;-0,0122;0,0332;0,0124
2215;15,721;-0,2977;0,8999;0,5914;342,6012;335,5357;61,8955;-0,0035;0,0476;0,0064
2220;15,79042;-0,2974;0,9014;0,5917;342,4812;335,6058;61,7924;0,0026;0,013;0,0041
2225;15,86;-0,2968;0,9033;0,5918;342,2964;335,6735;61,8424;0,0289;0,0885;-0,0023
2230;15,92911;-0,2963;0,9051;0,5916;342,1492;335,6931;61,9091;0,0205;0,0779;-0,0156
2235;15,99901;-0,2956;0,9066;0,5918;341,9917;335,7928;61,8353;0,0128;0,0148;0,0025
2240;16,06837;-0,2946;0,9083;0,592;341,8378;335,8805;61,8801;0,057;0,1058;0,0011
2245;16,13786;-0,2939;0,9094;0,5922;341,6906;335,9452;61,7633;0,0191;0,0399;-0,0194
2250;16,20735;-0,2937;0,9099;0,5923;341,6345;335,9069;61,9249;0,01;0,0254;-0,0116
2255;16,27637;-0,2938;0,9102;0,5929;341,579;335,9;61,9182;-0,0089;0,0185;-0,0138
2260;16,34593;-0,294;0,9103;0,5934;341,5385;335,8561;61,9495;-0,0076;0,0157;-0,0055
2265;16,4153;-0,2942;0,9107;0,5932;341,4825;335,7687;62,0301;-0,0117;0,0202;-0,0103
2270;16,48492;-0,2945;0,9115;0,593;341,3894;335,675;62,0727;-0,0043;0,047;0,0003
2275;16,55444;-0,2945;0,9134;0,5932;341,2202;335,6904;62,0875;0,0024;0,0739;0,0135
2280;16,62389;-0,2944;0,9161;0,5931;341,0086;335,6609;62,1601;0,0049;0,092;-0,0181
2285;16,69316;-0,2942;0,9189;0,5925;340,8308;335,6245;62,1862;0,0089;0,1077;-0,0357
2290;16,76278;-0,2939;0,9216;0,5918;340,5946;335,5587;62,2908;0,0144;0,0812;-0,0204
2295;16,83177;-0,2936;0,9233;0,5915;340,4622;335,5615;62,3583;0,0109;0,0391;-0,0031
2300;16,90173;-0,2929;0,9241;0,5914;340,4152;335,5865;62,3687;0,0358;0,0085;0,0122
2305;16,97105;-0,2922;0,9238;0,5915;340,4607;335,6155;62,4291;0,0285;-0,0116;0,0094
2310;17,04063;-0,2912;0,9235;0,5917;340,5349;335,7292;62,3697;0,0243;-0,025;0,0118
2315;17,10997;-0,2907;0,9241;0,5918;340,4843;335,6941;62,5535;0,0337;0,0888;0,0106
2320;17,17941;-0,2901;0,9263;0,5919;340,354;335,7278;62,5928;0,0324;0,1168;0,0136
2325;17,24911;-0,2895;0,9292;0,592;340,1174;335,8115;62,5686;0,0283;0,1281;0,0007
2330;17,31868;-0,2889;0,9318;0,592;339,898;335,8461;62,6425;0,0293;0,0976;0,0017
2335;17,38752;-0,288;0,9343;0,5919;339,6849;336,0237;62,5631;0,0657;0,1457;-0,0129
2340;17,45703;-0,2877;0,9351;0,5921;339,6331;336,0464;62,6079;0,0164;0,0349;-0,0179
2345;17,52636;-0,2877;0,9355;0,5916;339,5946;336,0198;62,6123;0,003;0,0207;-0,0411
2350;17,59564;-0,288;0,9353;0,592;339,5742;336,0077;62,5664;-0,0121;-0,0038;-0,0239
2355;17,66535;-0,2887;0,9351;0,5922;339,5796;335,9582;62,5521;-0,0304;0,0244;-0,0264
2360;17,73543;-0,2893;0,9354;0,5923;339,5382;335,8734;62,5861;-0,0172;0,0217;-0,0124
2365;17,80469;-0,2897;0,9363;0,5923;339,3898;335,9094;62,4481;-0,0058;0,0577;-0,0133
2370;17,87367;-0,29;0,9369;0,5922;339,3141;335,8616;62,4982;-0,0049;0,0249;-0,0086
2375;17,94325;-0,2903;0,9375;0,5926;339,2346;335,7944;62,6217;-0,0037;0,0395;-0,0027
2380;18,01237;-0,2903;0,9389;0,5927;339,0949;335,8213;62,5793;-0,0037;0,0647;-0,005
2385;18,08197;-0,2904;0,9408;0,5924;338,9299;335,8061;62,6148;-0,0068;0,0917;-0,024
2390;18,15141;-0,2906;0,9426;0,5921;338,7996;335,8559;62,5433;-0,013;0,0733;-0,0148
2395;18,22077;-0,2912;0,9443;0,5915;338,6636;335,7623;62,6347;-0,0307;0,0709;-0,0257
2400;18,29036;-0,2917;0,9457;0,5908;338,5126;335,7139;62,5498;-0,0169;0,0261;-0,0057
2405;18,35953;-0,2921;0,9459;0,5907;338,4898;335,6957;62,4626;-0,0134;-0,0241;0,052
2410;18,42922;-0,2925;0,9453;0,5911;338,5283;335,6424;62,5215;-0,0044;-0,0293;0,0096
2415;18,49863;-0,2926;0,945;0,591;338,5986;335,6125;62,6248;0,0006;0,0042;-0,0102
2420;18,56835;-0,2925;0,9458;0,5911;338,517;335,672;62,6189;0,0095;0,0339;0,0292
2425;18,6376;-0,2925;0,9473;0,591;338,4024;335,6968;62,5659;-0,0073;0,0305;-0,0037
2430;18,70668;-0,2927;0,9495;0,5908;338,2256;335,634;62,7073;-0,0029;0,1134;0,0013
2435;18,77616;-0,2926;0,9523;0,5909;337,9726;335,6907;62,6713;0,0105;0,1348;0,0066
2440;18,84567;-0,2923;0,9557;0,5908;337,6989;335,7548;62,6243;0,0217;0,1918;0,0008
2445;18,91505;-0,2922;0,9583;0,5905;337,4685;335,8088;62,5455;-0,0002;0,0697;-0,0152
2450;18,98518;-0,2922;0,9598;0,5901;337,3755;335,7137;62,8526;0,0083;0,0428;-0,0061
2455;19,05432;-0,2918;0,9613;0,5897;337,1909;335,7438;62,7762;0,0137;0,0419;-0,0135
2460;19,1248;-0,2916;0,9619;0,5896;337,1983;335,6902;62,9268;0,0089;0,0286;-0,0089
2465;19,19289;-0,2915;0,9628;0,5901;337,1002;335,7104;62,9857;0,0054;0,0445;0,0007
2470;19,26251;-0,2917;0,9646;0,5902;337,0251;335,5662;63,2933;-0,0102;0,0881;-0,0049
2475;19,33195;-0,2914;0,9673;0,5904;336,7464;335,6439;63,2224;0,0238;0,1269;0,0125
2480;19,40156;-0,291;0,9695;0,5909;336,6262;335,6933;63,3221;0,0171;0,1025;0,0181
2485;19,47095;-0,2903;0,9732;0,5914;336,3117;335,7962;63,2952;0,0293;0,1542;0,0043
2490;19,54026;-0,29;0,9755;0,5913;336,1381;335,816;63,3683;0,0064;0,0823;-0,0161
2495;19,60982;-0,2902;0,9772;0,5907;336,0405;335,7291;63,4768;-0,0069;0,0319;-0,014
2500;19,67931;-0,2906;0,9786;0,5904;335,9547;335,6446;63,6433;-0,0011;0,027;-0,0016
2505;19,74968;-0,2906;0,9806;0,5904;335,841;335,6154;63,7408;0,0008;0,0607;-0,005
2510;19,81862;-0,2904;0,9826;0,5901;335,6668;335,6226;63,7066;0,0072;0,0374;-0,006
2515;19,88808;-0,2903;0,9838;0,5901;335,611;335,6039;63,7875;-0,0015;0,0099;0,0236
2520;19,95637;-0,2902;0,9844;0,5904;335,5675;335,5964;63,8842;0,0114;0,0374;0,0307
2525;20,02651;-0,2901;0,9845;0,5907;335,5407;335,6236;63,868;0,0018;0,0038;0,0049
2530;20,09575;-0,2899;0,9848;0,5907;335,4623;335,6705;63,8204;0,0036;0,0096;0,005
2535;20,16536;-0,29;0,9852;0,5907;335,417;335,6509;63,7714;-0,0182;0,005;0,0281
2540;20,23495;-0,2904;0,9858;0,591;335,321;335,6582;63,8084;-0,0123;0,0511;0,0249
2545;20,30461;-0,2909;0,9864;0,5913;335,3282;335,696;63,8105;-0,0362;0,0173;0,0163
2550;20,3735;-0,2915;0,9869;0,5913;335,322;335,6645;63,8764;-0,0237;0,0175;-0,0021
2555;20,44297;-0,2924;0,9871;0,5919;335,3578;335,67;64,1907;-0,0388;0,01;0,0582
2560;20,51244;-0,2926;0,988;0,594;335,3924;336,0699;64,2907;0,0026;0,0738;0,1021
2565;20,58176;-0,292;0,99;0,5963;335,2637;336,6784;63,8968;0,0279;0,0787;0,0734
2570;20,6516;-0,2919;0,9907;0,5971;335,2319;336,7241;63,9911;0,0056;0,0334;0,0477
2575;20,72097;-0,2921;0,9915;0,5987;335,2002;336,7284;64,335;-0,0192;0,0357;0,0521
2580;20,79018;-0,2927;0,9928;0,6001;335,1118;336,6805;64,5458;-0,0253;0,0482;0,0373
2585;20,85963;-0,2935;0,995;0,6012;334,8791;336,6867;64,3705;-0,0313;0,0449;0,0163
2590;20,92918;-0,2949;0,9963;0,6016;334,7536;336,5534;64,3686;-0,0567;0,025;0,0087
2595;20,99873;-0,2966;0,9975;0,6022;334,771;336,4362;64,7203;-0,0471;0,0477;0,0173
2600;21,06822;-0,2995;1,001;0,603;334,4979;336,5568;64,1825;-0,0977;0,0082;0,0078
2605;21,13768;-0,3024;1,0018;0,6037;334,457;336,3515;64,4208;-0,0868;0,0304;0,0302
2610;21,20699;-0,3064;1,0043;0,6051;334,1762;335,8307;64,804;-0,116;0,1518;0,0431
2615;21,27746;-0,3094;1,0083;0,6061;333,7111;335,6198;64,3642;-0,1573;0,2147;0,0417
2620;21,34571;-0,3126;1,0116;0,6069;333,1582;335,1781;64,9654;-0,0593;0,1398;0,0431
2625;21,4163;-0,3149;1,0136;0,6087;333,1794;335,1726;64,5624;-0,1582;0,1622;0,1236
2630;21,4847;-0,3172;1,0155;0,6103;332,985;335,053;64,4908;-0,1234;0,1037;0,0631
2635;21,5542;-0,3192;1,0169;0,6113;332,8547;334,8028;64,7372;-0,0469;0,0359;0,0329
2640;21,62384;-0,3205;1,0183;0,612;332,7191;334,7903;64,7345;-0,0368;0,0366;0,0302
2645;21,69303;-0,322;1,0215;0,6132;332,3243;334,7794;64,8751;-0,0401;0,1913;0,0671
2650;21,76237;-0,3224;1,0232;0,6144;332,291;334,8416;64,6076;-0,0299;0,0455;0,0592
2655;21,83152;-0,3231;1,0258;0,616;332,0648;334,5181;65,2388;0,0227;0,1149;0,0273
2660;21,90151;-0,3222;1,0289;0,6177;331,8826;334,8075;64,7643;0,0016;0,0187;0,039
2665;21,97116;-0,3219;1,0305;0,6188;331,7821;334,6965;65,0274;-0,0033;0,059;0,0272
2670;22,03996;-0,3229;1,0315;0,6186;331,6822;334,0205;65,9901;-0,0565;0,0189;-0,0157
2675;22,1102;-0,3234;1,0337;0,6184;331,3859;333,9177;65,8533;-0,0318;0,1347;0,0007
2680;22,18016;-0,3248;1,0352;0,6187;331,3723;333,7785;66,0237;-0,1253;0,0779;0,0319
2685;22,24835;-0,3261;1,0365;0,6204;331,3246;333,7433;66,2497;-0,0553;0,0944;0,1097
2690;22,31821;-0,3261;1,0389;0,6224;331,1234;333,9883;65,9739;0,0122;0,072;0,0507
2695;22,38761;-0,326;1,0399;0,6234;331,1039;334,1008;65,9939;-0,001;0,0433;0,0191
2700;22,45656;-0,326;1,0414;0,6232;330,9355;334,1294;65,9678;-0,0033;0,0296;-0,0115
2705;22,52592;-0,3262;1,0415;0,623;330,957;334,1237;65,9804;-0,0138;-0,0031;-0,0238
2710;22,59552;-0,3268;1,0413;0,6234;331;334,0298;66,0349;-0,0242;0,0026;-0,021
2715;22,66502;-0,3278;1,0416;0,6232;331,0356;333,7327;66,4462;-0,0016;0,0437;0,0017
2720;22,73473;-0,3279;1,0434;0,6232;330,9726;333,6917;66,4778;-0,0026;0,0646;0,0128
2725;22,80431;-0,3277;1,0452;0,623;330,7951;333,6804;66,5466;0,011;0,0427;-0,0093
2730;22,87327;-0,3274;1,0461;0,6226;330,6602;333,7065;66,6878;-0,0033;0,0141;0,0006
2735;22,9427;-0,3286;1,0463;0,6227;330,7142;333,6601;66,9318;-0,0317;0,0291;-0,0074
2740;23,01234;-0,332;1,0497;0,6217;330,4803;333,5829;66,6396;-0,2432;0,335;-0,0818
2745;23,08188;-0,3335;1,0529;0,6203;330,0667;333,6328;66,3799;-0,0033;0,0618;-0,0143
2750;23,15151;-0,3342;1,0542;0,6197;330,1031;333,6679;66,386;-0,0879;0,0797;-0,0481
2755;23,22063;-0,3345;1,0548;0,6194;330,0297;333,4518;66,871;-0,0109;0,0293;0,0172
2760;23,29;-0,3341;1,0563;0,6199;329,8979;333,6457;66,9124;0,0196;0,0863;-0,0045
2765;23,35951;-0,3337;1,0585;0,6203;329,6211;334,031;66,6241;0,0245;0,0932;0,0217
2770;23,42911;-0,333;1,0615;0,6212;329,3459;334,6205;65,8773;0,0329;0,062;0,0018
2775;23,49846;-0,332;1,0643;0,622;329,0964;335,2493;64,7888;-0,0371;-0,0222;0,0533
2780;23,56799;-0,3327;1,0643;0,6226;329,2522;334,9798;65,6862;0,0097;0,0294;-0,0532
2785;23,63759;-0,3322;1,0676;0,6228;328,8797;335,3882;64,7941;0,0248;0,1349;0,0032
2790;23,70785;-0,3306;1,0713;0,6242;328,58;336,2268;63,8809;0,1127;0,2456;0,1021
2795;23,77608;-0,3298;1,0728;0,6252;328,6132;336,4192;63,8066;0,0188;0,0269;0,0006
2800;23,8458;-0,3291;1,0746;0,6253;328,4852;336,4902;63,9297;0,028;0,0639;-0,026
2805;23,91466;-0,3279;1,0775;0,6248;328,2258;336,6622;63,6632;0,0143;0,0429;-0,0237
2810;23,98478;-0,327;1,0804;0,624;327,9478;336,8353;63,514;0,0223;0,0881;-0,0166
2815;24,05385;-0,3261;1,0832;0,6231;327,6653;336,901;63,4325;0,0532;0,1458;-0,0482
2820;24,12354;-0,3253;1,0856;0,6223;327,4828;337,0036;63,2786;0,0201;0,0679;-0,0172
2825;24,1929;-0,3246;1,0882;0,6218;327,246;337,0714;63,3928;0,0326;0,106;-0,007
2830;24,26255;-0,3239;1,0904;0,6213;327,0718;337,0804;63,4621;0,0245;0,0838;-0,031
2835;24,33155;-0,324;1,091;0,6202;327,0149;336,627;64,1266;0,0046;0,0117;-0,0074
2840;24,40109;-0,3239;1,0914;0,6209;326,9563;336,6542;63,9849;0,0003;0,0139;-0,0187
2845;24,47211;-0,3249;1,0912;0,6206;326,9667;336,2523;64,461;-0,0182;0,0147;-0,0102
2850;24,53993;-0,3249;1,0918;0,6202;326,8655;336,2121;64,5175;0,0086;0,0482;0,0134
2855;24,60965;-0,3238;1,0937;0,6208;326,7323;336,6012;64,0822;0,0285;0,0518;0,024
2860;24,67879;-0,3233;1,0951;0,6204;326,6378;336,498;64,4233;0,0092;0,0864;-0,0319
2865;24,74837;-0,323;1,0971;0,6193;326,4718;336,412;64,503;0,0138;0,0829;-0,0265
2870;24,81781;-0,3217;1,1015;0,6185;325,9981;336,6271;64,2997;0,1087;0,2936;-0,0329
2875;24,88745;-0,3213;1,1026;0,6182;325,9927;336,6681;64,2514;0,0131;0,0695;-0,0245
2880;24,95666;-0,3215;1,1046;0,617;325,8222;336,2933;64,9134;0,0048;0,0653;-0,0503
2885;25,02623;-0,3213;1,1061;0,6161;325,6863;336,3256;64,7046;0,0066;0,0604;-0,0514
2890;25,09563;-0,3211;1,1072;0,6155;325,5796;336,1931;64,9287;0,0113;0,0373;-0,0057
2895;25,16489;-0,3205;1,1082;0,6153;325,5307;336,1399;64,9909;0,0305;0,0381;-0,0205
2900;25,23466;-0,319;1,1098;0,6152;325,3099;336,3786;64,5976;-0,0137;-0,0309;0,0024
2905;25,30411;-0,3187;1,1097;0,6149;325,416;336,1649;65,2085;-0,0033;0,0192;-0,0787
2910;25,37363;-0,3188;1,1106;0,614;325,2834;336,0519;65,1502;-0,0123;0,047;-0,0288
2915;25,44297;-0,3189;1,1124;0,6134;325,0595;336,0697;65,1748;0,0035;0,0602;-0,0053
2920;25,51226;-0,3174;1,1157;0,6133;324,7397;336,5185;64,7801;0,138;0,2243;-0,0234
2925;25,58176;-0,3167;1,1168;0,6131;324,6643;336,5632;64,796;0,022;0,0419;-0,015
2930;25,65113;-0,3144;1,1209;0,6128;324,1875;337,0858;64,2724;0,097;0,1623;-0,0069
2935;25,7209;-0,3138;1,1216;0,6124;324,1642;336,9928;64,5914;0,0551;0,0816;-0,0228
2940;25,79019;-0,3132;1,1226;0,612;324,0826;336,9879;64,6329;0,0215;0,0359;-0,016
2945;25,85946;-0,3132;1,1233;0,6118;324,0299;336,8141;65,0327;0,016;0,0318;-0,0114
2950;25,92902;-0,3124;1,1242;0,6114;323,8842;337,0165;64,6832;0,0094;0,0031;0,0048
2955;25,99942;-0,312;1,124;0,6113;323,9539;336,9144;65,0319;0,0175;0,0217;-0,0103
2960;26,06762;-0,3111;1,1242;0,6116;323,9173;337,0758;64,7993;0,0445;-0,0007;0,0283
2965;26,13755;-0,3102;1,1246;0,6112;323,8686;337,1181;64,8844;0,0565;0,0698;-0,0239
2970;26,20643;-0,3098;1,1255;0,6113;323,8266;337,1167;65,0398;0,0094;0,0349;0,0017
2975;26,2761;-0,3096;1,1274;0,611;323,6825;337,1851;65,0899;0,0047;0,0861;-0,0117
2980;26,34551;-0,3098;1,1301;0,6105;323,5061;337,1612;65,1742;-0,0229;0,1162;-0,0264
2985;26,41508;-0,3109;1,133;0,6098;323,4813;336,8767;65,6648;-0,0618;0,1416;-0,0381
2990;26,48506;-0,3115;1,1356;0,6099;323,5586;336,8379;65,9103;-0,0388;0,1412;0,0163
2995;26,55418;-0,3121;1,139;0,6104;323,8134;336,7954;66,3092;-0,0343;0,1784;0,0326
3000;26,62331;-0,3119;1,1416;0,6102;323,544;337,049;66,0952;-0,0028;0,0336;-0,0162
3005;26,69281;-0,3125;1,1438;0,6093;323,4301;336,7693;66,5199;-0,0359;0,0629;-0,0205
3010;26,76394;-0,3133;1,1453;0,6089;323,441;336,5475;66,9724;-0,0375;0,056;-0,007
3015;26,83159;-0,3139;1,1472;0,6083;323,2417;336,478;67,0718;-0,0305;0,0754;-0,0177
3020;26,90159;-0,3151;1,1492;0,6077;323,1902;336,1795;67,6356;-0,09;0,1163;-0,0144
3025;26,97077;-0,3155;1,1512;0,6079;323,1899;336,2483;67,7062;-0,0295;0,1553;0,0047
3030;27,04016;-0,3162;1,1538;0,6087;323,257;336,3265;67,9579;-0,04;0,1384;0,0626
3035;27,10973;-0,3166;1,1566;0,61;323,3572;336,6089;67,9657;-0,0208;0,1751;0,0804
3040;27,17907;-0,3173;1,1603;0,6116;323,2375;336,8558;68,197;-0,0516;0,1786;0,0749
3045;27,24846;-0,3189;1,1636;0,6123;323,1776;336,8055;68,4532;-0,0983;0,1807;0,0277
3050;27,31827;-0,3205;1,1665;0,6122;323,1051;336,7423;68,5117;-0,0998;0,1737;-0,0051
3055;27,38771;-0,3223;1,1688;0,6127;323,0832;336,8042;68,3978;-0,06;0,038;0,023
3060;27,45661;-0,3251;1,1698;0,6143;323,2743;336,6029;68,878;0,0019;0,0244;0,0078
3065;27,5261;-0,3268;1,1708;0,6155;323,2626;336,5297;68,9018;-0,0313;0,0325;0,0223
3070;27,59549;-0,328;1,1721;0,6166;323,1993;336,6229;68,5494;-0,0317;0,0485;0,0293
3075;27,66523;-0,329;1,1743;0,6184;323,098;336,7899;68,4756;-0,0611;0,1315;0,1181
3080;27,73493;-0,3296;1,1762;0,6208;323,3911;337,0756;68,376;-0,0084;0,0396;0,014
3085;27,80423;-0,3304;1,1807;0,623;323,0073;337,3484;68,1981;-0,0502;0,1907;0,0653
3090;27,87341;-0,3318;1,1855;0,6248;322,6153;337,5262;67,9299;-0,0495;0,105;0,0559
3095;27,94288;-0,3334;1,1903;0,6264;322,29;337,6043;67,9216;-0,0666;0,2364;0,056
3100;28,01237;-0,3336;1,1957;0,6275;321,9665;338,0871;67,8779;0,013;0,3228;0,0577
3105;28,0815;-0,332;1,2026;0,628;321,4155;338,9506;66,9193;0,1037;0,2981;0,0166
3110;28,15115;-0,331;1,2056;0,6277;321,3798;339,4028;66,4452;0,0133;0,0422;-0,0291
3115;28,22073;-0,3304;1,2073;0,6271;321,2649;339,6001;66,4414;0,0097;0,0242;-0,0118
3120;28,2912;-0,3302;1,2073;0,6257;321,3578;339,5513;66,6776;0,0025;-0,0577;-0,0759
3125;28,35944;-0,3306;1,2049;0,6241;321,7279;338,9852;67,5737;0,028;0,0044;-0,0128
3130;28,42926;-0,3296;1,2054;0,6237;321,6927;339,0905;67,2941;0,0751;0,0345;-0,0303
3135;28,49831;-0,3281;1,2053;0,6236;321,8454;339,0874;67,4744;0,0693;-0,0392;0,0098
3140;28,56816;-0,3269;1,2063;0,623;321,6883;338,9685;67,7806;0,0721;0,0747;-0,04
3145;28,63734;-0,3251;1,2074;0,6226;321,5869;339,097;67,6109;0,0457;-0,0022;0,0223
3150;28,70669;-0,3226;1,2074;0,6235;321,7701;339,1145;68,2622;0,0486;-0,0044;-0,0067
3155;28,77626;-0,3213;1,2078;0,6234;321,7189;339,167;68,1188;0,0817;0,0233;-0,001
3160;28,84562;-0,3198;1,2074;0,6238;321,8199;339,3272;68,073;0,0568;-0,0326;0,0268
3165;28,91618;-0,3191;1,207;0,6237;321,8259;339,3339;68,14;0,0408;-0,0387;-0,0083
3170;28,98463;-0,3189;1,2065;0,6239;321,9136;339,2436;68,2804;-0,0012;-0,0041;0,0004
3175;29,05417;-0,3189;1,2068;0,6238;321,8408;339,234;68,2227;0,0036;0,0269;-0,0153
3180;29,12334;-0,3192;1,207;0,6241;321,937;339,1776;68,4388;-0,0234;-0,0044;-0,0032
3185;29,19293;-0,3193;1,2073;0,6239;321,9249;339,1104;68,5374;-0,0003;0,0279;-0,0144
3190;29,26211;-0,3189;1,2074;0,6243;321,9738;339,1375;68,726;0,0402;0,0191;0,0501
3195;29,33142;-0,3174;1,2084;0,6243;321,9119;339,3401;68,6463;0,1384;0,1094;0,0151
3200;29,40142;-0,3154;1,2095;0,6246;321,8144;339,6412;68,2485;0,0678;0,0141;0,0337
3205;29,47068;-0,3137;1,21;0,6252;321,7655;339,8512;68,3035;0,0509;0,0061;0,0017
3210;29,54003;-0,3126;1,2107;0,6249;321,7252;339,8247;68,5324;0,0519;0,0505;-0,0041
3215;29,60953;-0,3102;1,2127;0,6251;321,5508;340,3533;67,7872;0,0717;0,0434;0,034
3220;29,67896;-0,3083;1,2136;0,6254;321,4608;340,6301;67,6281;0,0109;-0,0177;0,0036
3225;29,74841;-0,3064;1,2147;0,6254;321,2982;340,6065;68,0275;0,0524;0,0464;-0,028
3230;29,81804;-0,3043;1,2156;0,6253;321,3206;340,8486;67,8906;0,0956;0,0385;0,0096
3235;29,88746;-0,302;1,2166;0,6257;321,4263;341,28;67,7295;0,1077;0,0325;0,0225
3240;29,95652;-0,2998;1,2184;0,6255;321,0611;341,6589;67,0855;0,0511;0,0495;-0,0219
3245;30,02612;-0,2993;1,2185;0,6253;321,1612;341,6062;67,2534;0,0267;0,0105;-0,0092
3250;30,09551;-0,2989;1,2187;0,6251;321,0725;341,598;67,3107;-0,0066;0,0076;0,0262
3255;30,16478;-0,2985;1,2191;0,6253;320,9989;341,6535;67,2173;0,0349;0,0205;0,0229
3260;30,23462;-0,2973;1,2196;0,6254;321,0142;341,9668;66,8286;0,021;-0,0012;-0,0141
3265;30,304;-0,2962;1,2196;0,6255;320,9756;342,1081;66,7724;0,0373;0,0003;-0,0049
3270;30,37351;-0,295;1,2197;0,6255;320,9941;342,22;66,8087;0,0645;0,0242;0,0047
3275;30,44396;-0,2937;1,2207;0,6253;320,8276;342,415;66,6881;0,0391;0,0338;-0,025
3280;30,51229;-0,2927;1,2212;0,6251;320,8117;342,5398;66,5725;0,0373;0,0139;0,003
3285;30,58136;-0,2915;1,2222;0,6247;320,6896;342,6495;66,6522;0,0575;0,0722;-0,0336
3290;30,65124;-0,2895;1,2243;0,6244;320,4381;342,9665;66,1587;0,0578;0,0419;0,0096
3295;30,72073;-0,2869;1,2261;0,6243;320,3508;343,2828;66,0254;0,1213;0,0976;-0,0092
3300;30,78963;-0,2839;1,2288;0,6243;320,0309;343,7729;65,5811;0,1029;0,0959;0,0007
3305;30,85962;-0,2825;1,2297;0,6243;320,0475;343,8008;65,8475;0,0361;0,031;-0,0103
3310;30,9285;-0,2812;1,2308;0,6239;319,9301;343,9216;65,8611;0,069;0,0679;-0,0096
3315;30,99795;-0,2795;1,2324;0,6236;319,8114;344,1663;65,4712;0,0618;0,0565;-0,0041
3320;31,06766;-0,2781;1,2335;0,6235;319,7267;344,4132;65,285;0,0505;0,0369;-0,001
3325;31,13718;-0,2764;1,2349;0,6235;319,6364;344,6162;65,3917;0,0919;0,0759;-0,006
3330;31,2061;-0,2743;1,2373;0,6229;319,3387;344,9414;65,0947;0,0752;0,0907;-0,0251
3335;31,27571;-0,2727;1,2385;0,6228;319,4192;345,4205;64,7219;0,0809;0,0568;0,013
3340;31,34503;-0,2723;1,2387;0,6226;319,4491;345,3255;65,1027;0,0163;-0,0045;-0,0004
3345;31,41462;-0,272;1,2389;0,6224;319,3932;345,358;65,1106;0,0136;0,006;0,0005
3350;31,4844;-0,2715;1,2392;0,6226;319,4619;345,4976;64,9538;0,0267;0,006;0,0006
3355;31,55385;-0,2709;1,2398;0,6226;319,4012;345,7682;64,5572;-0,0023;-0,0049;-0,0063
3360;31,62298;-0,2708;1,2398;0,6226;319,4601;345,6574;64,9618;0,0064;0,0099;-0,0205
3365;31,69238;-0,2704;1,2407;0,6224;319,3402;345,7123;64,983;0,0254;0,0578;0,0142
3370;31,76171;-0,2695;1,2418;0,6226;319,3015;345,9291;64,7867;0,056;0,0487;0,0087
3375;31,83114;-0,2685;1,2422;0,6231;319,4264;346,0668;64,9212;0,0286;0,0207;-0,0066
3380;31,90118;-0,2669;1,2437;0,623;319,4339;346,3178;64,7438;0,0914;0,1086;-0,0206
3385;31,97023;-0,2653;1,2454;0,623;319,3075;346,5802;64,5796;0,0697;0,0506;0,0141
3390;32,03954;-0,2624;1,2479;0,6237;319,2198;347,2109;64,2393;0,1277;0,1084;0,0224
3395;32,10895;-0,2594;1,2503;0,6243;319,0791;347,8346;63,8145;0,1148;0,079;0,0241
3400;32,17864;-0,2571;1,2511;0,6254;319,2591;348,2503;63,6725;0,0909;0,0408;0,0294
3405;32,24775;-0,255;1,2522;0,626;319,1675;348,5561;63,6405;0,0713;0,043;0,0233
3410;32,31746;-0,2529;1,2528;0,6271;319,2769;348,8816;63,6631;0,1497;0,0706;0,0683
3415;32,38703;-0,2501;1,2543;0,6282;319,2336;349,6004;63,1515;0,0394;-0,012;0,0359
3420;32,45609;-0,2476;1,2554;0,6294;319,3146;350,2496;62,593;0,0422;0,0243;0,0182
3425;32,5256;-0,247;1,2552;0,6295;319,386;350,1482;63,0214;0,038;-0,0489;0,0161
3430;32,59516;-0,2469;1,2559;0,6297;319,3275;350,2934;63,0363;0,0314;0,0665;0,009
3435;32,66455;-0,2462;1,2581;0,6295;319,2031;350,639;62,6545;0,017;0,0748;-0,0138
3440;32,73389;-0,2464;1,2594;0,6296;319,1806;350,6228;63,0098;-0,0179;0,0405;-0,0042
3445;32,80385;-0,2461;1,2612;0,6296;318,9849;350,9505;62,8687;0,0275;0,0511;0,013
3450;32,87414;-0,2445;1,2628;0,6309;319,1643;351,6606;62,572;0,1014;0,0624;0,0812
3455;32,94246;-0,2414;1,266;0,6311;318,9507;352,6386;61,2697;0,1648;0,2106;-0,0366
3460;33,01183;-0,2411;1,2664;0,6306;318,799;352,4478;61,5981;0,0193;-0,0029;-0,0136
3465;33,08097;-0,2397;1,267;0,6306;318,7388;352,3931;62,3999;0,0846;0,1021;-0,0123
3470;33,15104;-0,2373;1,269;0,6303;318,5622;353,0389;61,3429;0,0759;0,0126;0,0094
3475;33,22027;-0,2362;1,2689;0,6307;318,6277;352,9512;61,8959;0,0513;0,0326;0,0335
3480;33,28962;-0,2351;1,2699;0,6305;318,4355;353,0579;61,8774;0,0671;0,0486;0,0032
3485;33,35913;-0,2339;1,2704;0,6304;318,4367;353,2687;61,6834;0,0416;0,0115;-0,005
3490;33,42842;-0,2336;1,2701;0,6303;318,5016;353,1201;62,201;-0,0094;0,0073;0,0068
3495;33,49798;-0,2333;1,2708;0,6304;318,4243;353,2133;62,0685;0,0208;0,0482;0,0327
3500;33,56752;-0,2326;1,2716;0,6307;318,3989;353,4784;61,8738;0,0299;0,0273;-0,0114
3505;33,6368;-0,2321;1,2718;0,6308;318,457;353,5084;62,0008;0,0317;0,0273;0,0066
3510;33,70609;-0,2309;1,2731;0,6309;318,3776;353,7199;61,6963;0,0449;0,0467;0,0159
3515;33,77567;-0,2287;1,2752;0,6312;318,1867;354,0977;61,5206;0,1508;0,1346;0,0323
3520;33,84501;-0,2248;1,2776;0,6314;318,0862;354,8694;60,7249;0,094;0,0295;-0,0112
3525;33,91468;-0,2224;1,2778;0,6319;318,2209;355,0956;60,8358;0,0846;0,0015;0,0285
3530;33,98424;-0,2209;1,278;0,6318;318,1063;355,1269;61,0357;0,0652;0,0081;-0,0119
3535;34,05353;-0,2196;1,2777;0,6322;318,2352;355,1498;61,1742;0,046;-0,0008;0,0221
3540;34,12286;-0,2187;1,2779;0,6324;318,195;355,2283;61,1217;0,0434;0,0121;0,001
3545;34,19231;-0,2181;1,2779;0,6323;318,2366;355,3549;60,957;0,0285;-0,012;0,0067
3550;34,26174;-0,2174;1,2778;0,6324;318,2629;355,3461;61,1172;0,0306;0,0169;-0,0018
3555;34,33109;-0,2152;1,2787;0,6324;318,1493;355,671;60,9928;0,094;0,0276;0,0166
3560;34,40196;-0,2126;1,2791;0,6332;318,2906;355,9501;61,121;0,0848;0,0178;0,0156
3565;34,47033;-0,2092;1,2809;0,633;318,0637;356,4391;60,7575;0,1246;0,0565;-0,0026
3570;34,53969;-0,2057;1,2818;0,6335;318,0305;356,7363;60,7589;0,1946;0,0388;0,0319
3575;34,60917;-0,2009;1,2831;0,634;317,9635;357,4598;59,9949;0,2486;0,0697;0,0029
3580;34,67856;-0,1991;1,2824;0,6341;318,0952;357,503;59,9208;0,1277;-0,0904;0,0317
3585;34,74783;-0,1983;1,2815;0,6343;318,1977;357,4032;60,2874;-0,0025;0,0106;-0,0074
3590;34,81756;-0,1976;1,2813;0,6342;318,1373;357,3158;60,2528;-0,0002;0,0071;0,0485
3595;34,88697;-0,1975;1,2812;0,6349;318,1924;357,2339;60,3587;0,005;-0,0024;0,0008
3600;34,95616;-0,1971;1,2816;0,6348;318,1389;357,2417;60,4918;0,0065;0,0356;-0,0138
3605;35,02555;-0,1958;1,2827;0,6345;318,0937;357,5331;60,0657;0,0306;0,001;0,0099
3610;35,09512;-0,1943;1,2838;0,6343;317,9661;357,7285;60,0412;0,0567;0,0541;-0,019
3615;35,16452;-0,1934;1,2845;0,634;317,8995;357,8116;60,1445;0,0428;0,0308;-0,0128
3620;35,23383;-0,1919;1,2855;0,6339;317,8525;358,0882;59,9458;0,0964;0,0708;-0,0077
3625;35,30367;-0,1909;1,2857;0,6338;317,875;358,2837;59,5145;-0,0003;-0,0388;0,02
3630;35,37286;-0,1908;1,2848;0,6341;318,0014;358,0328;60,1295;-0,0019;0,0193;-0,0144
3635;35,44217;-0,1903;1,2849;0,6342;317,9616;358,1074;59,961;0,0273;-0,0065;0,0279
3640;35,51154;-0,1893;1,2852;0,6339;317,9633;358,2897;59,7439;0,0678;0,0428;-0,0388
3645;35,58096;-0,1884;1,2857;0,6339;317,8714;358,2909;59,9174;0,0293;0,019;0,0058
3650;35,65078;-0,1874;1,2862;0,6339;317,8095;358,4156;59,9591;0,0245;0,0029;0,0077
3655;35,72018;-0,1863;1,286;0,6341;317,864;358,6179;59,8061;0,0424;-0,0238;0,0128
3660;35,78978;-0,186;1,2855;0,634;317,895;358,5771;59,9826;0,0083;-0,0199;0,0006
3665;35,85889;-0,185;1,2852;0,6343;318,0204;358,8145;59,815;0,0567;-0,0259;0,0383
3670;35,92868;-0,1829;1,2856;0,6352;318,1719;359,1468;59,7484;0,0799;0,0392;0,0156
3675;35,9978;-0,1812;1,286;0,6354;318,2026;359,32;59,7255;0,0574;-0,0035;0,0084
3680;36,06783;-0,1801;1,2863;0,635;318,1081;359,2772;59,8803;0,0484;0,02;-0,0051
3685;36,13667;-0,1764;1,2871;0,6358;318,1586;359,9043;59,4066;0,1659;0,0201;0,0547
3690;36,20596;-0,1718;1,2876;0,637;318,2548;0,7759;58,6186;0,1639;-0,0118;0,0271
3695;36,27555;-0,17;1,287;0,6372;318,3224;0,7029;58,8944;0,1344;0,0002;0,0136
3700;36,34492;-0,1667;1,2875;0,6376;318,3034;1,2788;58,132;-0,0086;-0,0307;0,0155
3705;36,41441;-0,1658;1,2872;0,6378;318,433;1,3218;57,8225;-0,0081;-0,017;0,0064
3710;36,48405;-0,1661;1,2863;0,6381;318,4608;1,083;58,2726;-0,0112;-0,0007;-0,0165
3715;36,55414;-0,1662;1,2863;0,6378;318,3174;1,0125;58,3116;0,0064;0,0097;0,0229
3720;36,62305;-0,1656;1,2864;0,638;318,3971;1,1554;57,989;-0,0088;-0,005;0,0004
3725;36,69349;-0,1647;1,2866;0,6378;318,3153;1,1992;58,0662;0,0481;0,0212;-0,0088
3730;36,76158;-0,1617;1,2878;0,6376;318,2368;1,7042;57,5247;0,0546;0,0001;-0,006
3735;36,83116;-0,1581;1,2892;0,6374;318,0839;2,1799;57,4289;0,1542;0,0736;-0,0265
3740;36,90068;-0,1549;1,2901;0,6369;318,0369;2,3586;57,5865;0,2315;0,065;-0,0297
3745;36,97051;-0,1512;1,291;0,6362;317,8942;2,8272;57,0984;0,2068;0,0335;-0,0417
3750;37,03944;-0,1486;1,2914;0,6358;317,841;2,9798;57,2117;0,0769;0,0352;-0,0377
3755;37,10899;-0,147;1,2919;0,6347;317,7526;2,9479;57,3305;0,0477;0,0078;-0,0656
3760;37,17842;-0,146;1,2922;0,6348;317,833;2,9106;57,4757;0,0527;0,0486;0,0309
3765;37,24809;-0,1441;1,296;0,6337;317,6098;3,6532;56,3787;0,0689;0,2438;-0,1448
3770;37,31784;-0,1448;1,2944;0,6336;317,88;2,8452;57,4786;0,0018;-0,1324;0,057
3775;37,38678;-0,1415;1,2945;0,6342;317,9366;3,6715;56,614;0,2505;0,0372;0,0251
3780;37,456;-0,1376;1,2957;0,6347;317,9706;4,295;56,2337;0,1797;0,0136;0,0282
3785;37,52558;-0,1309;1,2989;0,6346;317,921;5,3286;55,3175;0,3983;0,266;-0,064
3790;37,59535;-0,1252;1,3033;0,6321;317,3943;6,2317;53,9931;0,1921;0,1161;-0,0818
3795;37,66456;-0,1192;1,3061;0,6317;317,454;7,3871;52,9452;0,2681;0,1971;-0,0267
3800;37,73438;-0,1157;1,3097;0,6291;317,7919;8,3924;49,3188;0,0942;0,0601;-0,1062
3805;37,80361;-0,1146;1,3086;0,6297;317,796;8,0039;50,8881;0,0551;-0,0081;0,0126
3810;37,87291;-0,1127;1,3082;0,6296;317,8971;8,2862;50,3962;0,0993;-0,045;0,0228
3815;37,94234;-0,1095;1,3076;0,6307;318,1587;8,5671;50,4034;0,11;0,0299;-0,0085
3820;38,01177;-0,1074;1,3082;0,6303;318,0345;8,8307;50,1505;0,1016;0,0445;-0,0078
3825;38,0823;-0,106;1,3092;0,6301;317,9666;8,9775;50,0832;0,0212;0,0153;-0,0037
3830;38,15094;-0,1049;1,3101;0,6297;317,9276;9,1837;49,9452;0,0306;0,0305;-0,0091
3835;38,22123;-0,1047;1,3107;0,6294;317,8386;9,2327;49,8852;0,0157;0,0072;-0,006
3840;38,28923;-0,1045;1,3102;0,6296;317,9794;9,126;50,1839;0,0201;0,0029;0,0026
3845;38,35915;-0,1036;1,3109;0,6289;317,83;9,3016;49,9455;0,0203;0,0003;-0,029
3850;38,42838;-0,1022;1,3101;0,6292;318,0481;9,277;50,2691;0,1104;-0,0664;0,0287
3855;38,49858;-0,0997;1,3088;0,6299;318,31;9,6675;50,015;0,0864;-0,0582;0,0324
3860;38,56728;-0,0961;1,3068;0,6317;318,596;9,928;50,1911;0,1509;-0,0666;0,0728
3865;38,63678;-0,0936;1,3062;0,6324;318,5764;10,1216;50,2213;0,1057;-0,0405;0,035
3870;38,70592;-0,0908;1,3052;0,6336;318,759;10,3248;49,9734;0,1023;-0,0485;0,0853
3875;38,77566;-0,0891;1,3046;0,6352;318,8406;10,2862;50,4798;0,0062;0,0318;-0,0084
3880;38,84492;-0,0879;1,3052;0,6361;318,7801;10,3085;50,5773;0,0078;0,0255;-0,0041
3885;38,91436;-0,0875;1,306;0,6367;318,7165;10,3562;50,3366;0,0011;0,0219;0,0151
3890;38,98396;-0,0884;1,3032;0,6377;319,2794;9,6687;51,1612;0,0196;-0,0334;0,0055
3895;39,05334;-0,0864;1,3019;0,6389;319,4088;10,127;50,3283;0,0625;-0,0559;0,0581
3900;39,12286;-0,0841;1,3;0,6403;319,6264;10,3826;50,1041;0,0525;-0,0704;0,0217
3905;39,19239;-0,0819;1,2981;0,6409;319,8529;10,4326;49,9282;0,1163;-0,0544;0,0087
3910;39,26159;-0,0785;1,2968;0,6413;319,9119;10,5684;49,9094;0,1619;-0,0492;0,0205
3915;39,33088;-0,0729;1,2952;0,6418;320,1176;11,0118;49,3731;0,2169;-0,091;0,0149
3920;39,40034;-0,0692;1,2938;0,6412;320,2054;11,1244;49,2529;0,1775;-0,0364;-0,0418
3925;39,47;-0,0653;1,2925;0,6405;320,2629;11,2527;48,9213;0,0567;-0,0539;0,0064
3930;39,53945;-0,0618;1,2905;0,6404;320,5121;11,188;49,4568;-0,0059;0,0302;-0,0166
3935;39,60883;-0,0591;1,2893;0,6402;320,5859;11,3544;49,3014;0,1134;-0,0319;-0,007
3940;39,67843;-0,0571;1,2892;0,6401;320,5615;11,3776;49,4151;0,0354;0,0106;-0,0175
3945;39,74753;-0,0557;1,2902;0,6393;320,3357;11,2873;49,3236;0,0308;0,0458;-0,058
3950;39,81744;-0,0546;1,2914;0,6386;320,1467;11,198;49,574;0,0513;0,04;0,0043
3955;39,88685;-0,0528;1,2923;0,6388;320,1531;11,4534;49,215;0,0848;0,0179;0,0067
3960;39,95578;-0,0509;1,292;0,6397;320,3445;11,4997;49,1803;0,0797;-0,0072;0,055
3965;40,02555;-0,0482;1,2921;0,6408;320,3571;11,7664;48,7785;0,1054;0,0079;0,0355
3970;40,09461;-0,0452;1,2928;0,6419;320,2516;11,9568;48,4251;0,1254;0,0396;0,043
3975;40,16442;-0,0433;1,2935;0,6431;320,1925;11,796;48,4041;0,0345;0,0086;0,0373
3980;40,23438;-0,0408;1,2934;0,644;320,0839;11,4159;48,919;0,1561;-0,0176;0,0064
3985;40,30344;-0,0378;1,2928;0,644;319,9125;11,2269;49,0366;0,1359;-0,0643;0,0133
3990;40,37278;-0,0329;1,2881;0,6453;320,4868;10,9995;49,5177;0,2311;-0,2052;0,052
3995;40,44207;-0,0289;1,2869;0,6431;320,1532;11,1342;48,7655;0,2464;-0,0739;-0,1626
4000;40,51127;-0,0259;1,2854;0,6426;320,3607;10,9068;49,6518;0,2219;-0,1187;0,0031
4005;40,58102;-0,0236;1,2846;0,6424;320,5138;11,0678;49,6019;0,1196;-0,069;-0,0468
4010;40,65078;-0,0216;1,2849;0,6413;320,4171;10,9326;49,8187;0,0857;0,0214;-0,0301
4015;40,72047;-0,0176;1,286;0,6413;320,429;11,1877;49,8015;0,1949;0,0577;0,0282
4020;40,78926;-0,0149;1,2872;0,6417;320,3412;11,2554;49,6944;0,1115;0,046;0,0155
4025;40,85891;-0,0128;1,2876;0,6427;320,3268;11,1341;49,6569;0,1067;-0,0042;0,1041
4030;40,92828;-0,0114;1,2874;0,6453;320,4079;10,8581;49,8108;0,0538;0,0038;0,1202
4035;40,99786;-0,0102;1,2896;0,6469;320,088;10,5508;49,6136;0,0772;0,1117;0,0743
4040;41,0678;-0,0084;1,2912;0,6485;319,944;10,279;49,8311;0,0755;0,0539;0,0655
4045;41,13675;-0,005;1,2948;0,6502;319,4836;10,0502;49,4688;0,1889;0,2098;0,067
4050;41,20591;-0,0025;1,2961;0,6506;319,1071;9,9541;49,3883;0,0298;-0,0363;0,0182
4055;41,27537;0,0007;1,2952;0,6516;319,0698;9,3923;49,8534;0,1679;-0,0302;0,0775
4060;41,3451;0,0048;1,2945;0,6528;318,9817;9,1387;49,6381;0,0494;-0,0548;0,0305
4065;41,41465;0,0074;1,2946;0,6524;318,5011;8,3314;50,0718;0,1171;0,0591;-0,0427
4070;41,48387;0,01;1,294;0,6522;318,4602;7,9823;50,5625;0,1375;-0,0458;0,0055
4075;41,55362;0,0158;1,2943;0,6518;318,3131;8,488;50,1151;0,4468;0,0601;-0,0652
4080;41,62268;0,0206;1,2943;0,651;318,3977;8,5762;50,6681;0,3121;-0,0246;-0,0815
4085;41,6922;0,0242;1,294;0,6501;318,4264;9,0831;50,3777;0,1967;-0,0231;-0,0363
4090;41,76148;0,0278;1,2941;0,6492;318,5239;9,4437;50,2527;0,1127;0,0296;-0,0478
4095;41,83084;0,0315;1,295;0,6481;318,4559;9,9091;50,2544;0,1473;0,0484;-0,0312
4100;41,90174;0,0345;1,2954;0,6482;318,5312;10,3024;50,2713;0,0884;0,0015;0,0185
4105;41,97016;0,0383;1,2967;0,6477;318,3112;10,9622;49,9579;0,1659;0,0648;-0,039
4110;42,03988;0,0416;1,2967;0,6481;318,4181;11,4308;49,6954;0,1479;-0,0162;0,0398
4115;42,10902;0,0455;1,2955;0,6491;318,6577;11,7967;50,0631;0,1118;0,0111;-0,0361
4120;42,17832;0,0495;1,2953;0,6487;318,5235;12,4755;49,1894;0,1586;-0,0143;-0,0266
4125;42,24757;0,052;1,2945;0,6487;318,7688;12,449;49,3412;0,0387;0,0132;-0,0221
4130;42,3174;0,0566;1,295;0,648;318,5081;13,1989;48,7839;0,1236;-0,0206;0,0086
4135;42,38662;0,0595;1,2933;0,6487;319,0845;13,1056;49,2979;0,1081;-0,0683;0,0371
4140;42,45592;0,0604;1,2936;0,648;318,9268;13,3348;49,0386;0,0705;0,0078;-0,0195
4145;42,5256;0,061;1,2937;0,6476;318,9479;13,3518;48,9734;0,0284;0,0089;-0,007
4150;42,59497;0,0615;1,2949;0,647;318,8619;13,5512;48,6724;0,0437;0,1003;-0,0539
4155;42,66455;0,0616;1,2949;0,6469;318,8736;13,5361;48,7078;-0,0028;-0,0182;0,0145
4160;42,73424;0,0622;1,2951;0,6471;318,8902;13,5847;48,7145;0,0359;0,0224;-0,0126
4165;42,80327;0,0637;1,2956;0,6469;318,8245;13,7933;48,8024;0,0415;0,0112;-0,0023
4170;42,87263;0,0666;1,2964;0,6469;318,8853;14,2104;48,4647;0,2073;0,0602;-0,0164
4175;42,94236;0,0693;1,2969;0,6468;318,8961;14,5571;48,1421;0,0969;0,012;-0,0067
4180;43,01123;0,0721;1,297;0,6462;318,9684;14,7455;48,1518;0,1045;-0,0045;-0,0104
4185;43,08085;0,076;1,2969;0,646;319,0199;15,2123;47,9129;0,172;0,0062;-0,0069
4190;43,15065;0,0797;1,2962;0,6466;319,3053;15,5695;47,5749;0,1187;-0,0414;0,0466
4195;43,22031;0,0825;1,2958;0,6472;319,3589;15,8569;47,596;0,1304;-0,0068;0,0117
4200;43,28941;0,0841;1,2959;0,6469;319,3199;16,0417;47,4539;0,044;0,0005;-0,0154
4205;43,35882;0,085;1,2958;0,6467;319,3831;16,0134;47,5744;0,0243;-0,002;-0,0038
4210;43,42818;0,0851;1,2961;0,6466;319,2791;15,9989;47,6242;-0,0108;0,0069;0,0279
4215;43,49771;0,0848;1,2962;0,6471;319,304;15,8703;47,8655;0,0072;0,0265;0,0327
4220;43,56838;0,0848;1,2969;0,6469;319,1903;15,8833;47,693;-0,0023;0,0072;0,0033
4225;43,63665;0,0851;1,2978;0,6466;319,0724;15,8826;47,8273;0,0469;0,056;0,0018
4230;43,70598;0,0877;1,2993;0,6459;319,0141;16,3979;47,3385;0,1869;0,0901;-0,0292
4235;43,77538;0,0918;1,2999;0,6457;319,1793;17,0102;47,1986;0,2007;0,0353;-0,0224
4240;43,84493;0,0957;1,3002;0,6451;319,1457;17,5909;46,8354;0,0822;-0,0161;-0,0186
4245;43,91448;0,0985;1,2996;0,6446;319,2178;17,8627;46,7763;0,1512;-0,0221;-0,0205
4250;43,98431;0,1012;1,2982;0,6452;319,5432;18,0432;46,6972;0,1056;-0,0932;0,0502
4255;44,05338;0,1023;1,2976;0,6454;319,627;18,1083;46,7689;0,0402;-0,0118;0,0022
4260;44,12261;0,1035;1,2967;0,6456;319,7369;18,1621;46,6959;0,0192;-0,016;0,0106
4265;44,19203;0,104;1,2965;0,645;319,6944;18,2645;46,5849;0,0212;-0,0152;-0,0022
4270;44,26146;0,1049;1,2957;0,6453;319,7648;18,2656;46,8179;0,0276;0,0146;-0,01
4275;44,33076;0,1061;1,2951;0,6454;319,8515;18,4277;46,5387;0,0504;-0,071;0,0144
4280;44,40055;0,1072;1,2938;0,6458;319,961;18,4458;46,6463;0,0643;-0,0484;0,0219
4285;44,47002;0,1099;1,2929;0,6466;320,17;18,7848;46,4066;0,1081;-0,0293;0,0392
4290;44,53948;0,112;1,2922;0,6471;320,3179;19,0759;46,0512;0,0121;-0,0308;0,0073
4295;44,60869;0,1134;1,2916;0,6477;320,4696;19,0891;46,3466;0,0608;0,0032;0,0003
4300;44,67828;0,1159;1,2918;0,6473;320,4852;19,4754;45,9422;0,0504;-0,0124;0,0058
4305;44,74758;0,1185;1,2919;0,647;320,5265;19,6822;45,9541;0,1247;0,0068;-0,0119
4310;44,81723;0,1238;1,2926;0,6463;320,5519;20,557;45,0746;0,1192;-0,0082;-0,023
4315;44,88728;0,1263;1,2917;0,6462;320,7269;20,5753;45,6379;0,002;0,0209;-0,0287
4320;44,95607;0,1291;1,2914;0,6459;320,7234;20,8908;45,3347;0,0722;-0,0247;0,0088
4325;45,02564;0,1319;1,2896;0,6463;320,9966;21,0273;45,2164;0,0922;-0,0817;0,0246
4330;45,0948;0,1339;1,2883;0,6468;321,1448;21,2028;45,0186;0,1072;-0,0716;0,0223
4335;45,16442;0,1343;1,2868;0,6471;321,4282;21,1322;44,4396;-0,0241;-0,0669;0,0253
4340;45,2342;0,1342;1,2852;0,6478;321,4763;20,9941;44,8839;0,0093;-0,0832;0,0339
4345;45,30357;0,1351;1,2832;0,649;321,7113;21,1326;44,6663;0,0547;-0,1045;0,0582
4350;45,37282;0,1366;1,2813;0,6504;321,9687;21,1531;44,7796;0,0525;-0,0254;0,0296
4355;45,44236;0,1383;1,2801;0,6508;322,1144;21,4587;44,2416;0,0624;-0,0666;0,0067
4360;45,51171;0,1387;1,2778;0,652;322,4993;21,2626;44,4931;0,0113;-0,1355;0,0774
4365;45,5815;0,1386;1,276;0,6526;322,6513;21,1574;44,2873;-0,0083;-0,092;0,0304
4370;45,65086;0,1385;1,274;0,6533;322,8239;21,0493;44,522;-0,0061;-0,1245;0,0561
4375;45,72155;0,1387;1,2729;0,6541;322,946;20,9389;44,6599;0,0124;-0,0096;0,0163
4380;45,7897;0,1389;1,2729;0,6533;322,8946;21,0703;44,36;0,0201;0,0226;-0,0206
4385;45,85895;0,1391;1,2735;0,6529;322,8199;21,0298;44,3999;0,0014;0,0665;-0,0637
4390;45,92855;0,1391;1,2744;0,6523;322,7169;20,99;44,4282;0,0049;0,0302;-0,0295
4395;45,99785;0,1396;1,2748;0,6522;322,6859;21,1271;44,1552;-0,0022;-0,0124;0,0029
4400;46,06719;0,1395;1,274;0,6525;322,7997;20,9811;44,3741;0,0013;-0,0047;-0,0003
4405;46,13666;0,1395;1,2731;0,6531;322,9306;20,9957;44,2801;-0,0138;-0,0806;0,0715
4410;46,20591;0,1398;1,2732;0,6531;322,887;21,0916;44,1387;0,0583;0,0305;0,0143
4415;46,27559;0,1404;1,2734;0,6526;322,8803;21,0656;44,5429;0,0091;0,0441;-0,0336
4420;46,34485;0,1431;1,2757;0,6512;322,6244;21,7179;43,6626;0,1019;0,0281;-0,0465
4425;46,41435;0,1456;1,2761;0,6504;322,6898;21,8777;43,6751;0,1565;0,0351;-0,0321
4430;46,4842;0,1531;1,2787;0,6486;322,4192;23,0247;43,083;0,269;0,0896;-0,091
4435;46,55359;0,1583;1,2776;0,6479;322,8796;23,1363;43,3985;0,3866;-0,0798;-0,0351
4440;46,62263;0,1651;1,2773;0,6464;323,1571;24,1317;41,8336;0,1994;-0,0623;-0,0485
4445;46,69213;0,1697;1,2762;0,6458;323,4312;24,646;41,0958;0,1545;-0,0679;0,0259
4450;46,76155;0,1723;1,2732;0,6468;324,3304;24,6624;40,5703;0,0128;-0,0396;0,0125
4455;46,83091;0,1732;1,2722;0,647;324,2378;24,6901;40,6323;0,1053;-0,0825;0,0061
4460;46,90078;0,1744;1,2719;0,6472;324,163;24,8037;40,7828;0,1237;-0,0157;0,0006
4465;46,97008;0,1759;1,2702;0,648;324,4896;24,5219;41,6782;0,0678;-0,0949;0,0656
4470;47,03957;0,1786;1,2727;0,646;324,0774;25,2626;40,5531;0,2829;0,1873;-0,1759
4475;47,10891;0,183;1,2738;0,645;324,1389;25,8356;40,6642;0,1879;0,0339;-0,0502
4480;47,17838;0,1879;1,2734;0,6439;324,1805;26,1047;41,0142;0,3711;0,0444;-0,0913
4485;47,24752;0,1923;1,2747;0,6414;323,8279;27,0772;39,3795;0,1052;-0,0435;-0,0515
4490;47,31749;0,1942;1,2724;0,6418;324,4489;26,8523;40,132;0,0659;-0,0211;-0,0006
4495;47,38787;0,1957;1,2697;0,6423;324,7554;26,9388;39,8353;0,0253;-0,1837;0,0624
4500;47,45588;0,1961;1,2678;0,643;324,7864;26,8342;40,1351;0,0412;-0,1032;0,0296
4505;47,5256;0,1964;1,2663;0,6436;324,8761;26,8393;40,1344;0,0088;-0,0764;0,0359
4510;47,59469;0,196;1,2636;0,6448;325,1734;26,5902;40,3223;-0,0207;-0,0549;0,025
4515;47,66424;0,1954;1,2624;0,6454;325,1837;26,5043;40,1555;-0,0641;-0,0865;0,0319
4520;47,73413;0,1916;1,2594;0,6469;325,3264;25,6973;40,7672;-0,1885;-0,1305;0,0688
4525;47,80388;0,1878;1,2582;0,6479;325,1678;25,1535;40,7974;-0,1762;-0,0039;-0,0034
4530;47,87255;0,1838;1,2584;0,6478;324,9393;24,6963;41,0301;-0,1767;-0,0067;0,0116
4535;47,94194;0,1793;1,2577;0,6482;324,8607;23,8508;41,5602;-0,1293;-0,0065;-0,0165
4540;48,01147;0,1759;1,2572;0,6478;324,6026;23,4821;41,4757;-0,0702;-0,0061;0,0049
4545;48,08111;0,1732;1,2556;0,6488;324,7387;22,9158;42,05;-0,0656;-0,0488;0,0336
4550;48,15029;0,172;1,255;0,6494;324,7843;22,7038;42,235;-0,0299;-0,0035;0,0134
4555;48,22024;0,1713;1,2556;0,6493;324,5874;22,7157;41,9707;-0,0308;0,0034;0,0215
4560;48,28955;0,1711;1,2553;0,6499;324,608;22,5028;42,3338;0,0462;0,0197;0,0574
4565;48,35905;0,1711;1,2543;0,6506;324,7615;22,388;42,2605;-0,023;-0,1025;0,0631
4570;48,4287;0,1702;1,2526;0,6516;324,9254;22,0555;42,6061;-0,0651;-0,078;0,0031
4575;48,49757;0,1692;1,2521;0,6517;324,8828;21,9773;42,5816;-0,075;-0,0028;0,0048
4580;48,56739;0,1669;1,2518;0,6517;324,8739;21,51;42,878;-0,079;0,0011;-0,0217
4585;48,63687;0,1656;1,2527;0,6511;324,7295;21,3966;42,6922;-0,0493;0,0487;-0,0496
4590;48,70615;0,1641;1,2527;0,6512;324,7264;21,1633;42,7836;-0,1193;-0,0259;0,0232
4595;48,77571;0,1605;1,2522;0,6514;324,6134;20,479;43,1789;-0,1265;0,0023;0,0047
4600;48,84488;0,1568;1,2521;0,6515;324,5305;19,7874;43,57;-0,1104;0,0024;0,0137
4605;48,91426;0,154;1,2518;0,6517;324,7294;19,3708;43,6216;-0,1672;-0,0373;0,0401
4610;48,98377;0,1508;1,251;0,6521;324,8727;18,5988;44,3156;-0,073;0,0175;-0,0263
4615;49,05363;0,1492;1,2513;0,6516;324,7111;18,4624;44,2173;-0,0571;-0,002;-0,0097
4620;49,12278;0,1476;1,2491;0,6526;325,1014;17,9652;44,9743;-0,0502;-0,1617;0,1082
4625;49,19237;0,1493;1,2481;0,6538;325,1294;18,3619;45,2817;0,0484;0,0665;-0,0477
4630;49,26141;0,15;1,2471;0,6542;325,2471;18,3955;44,9931;-0,0026;-0,1348;0,0517
4635;49,3308;0,148;1,2426;0,6557;325,9154;17,4573;45,8619;-0,0912;-0,2262;0,085
4640;49,40062;0,1475;1,241;0,6564;325,9162;17,3795;45,7953;-0,0112;-0,0499;0,0282
4645;49,46997;0,1468;1,2386;0,6573;326,1919;17,0902;45,9104;-0,0198;-0,0844;0,0439
4650;49,53905;0,1467;1,2375;0,6573;326,2901;16,9912;46,0788;0,0164;-0,0184;0,0014
4655;49,60855;0,1478;1,2357;0,6576;326,3794;17,0787;45,9271;0,0476;-0,0819;0,0169
4660;49,67907;0,1508;1,2328;0,6582;326,7006;17,3553;45,8313;0,238;-0,105;0,0154
4665;49,7473;0,1534;1,2309;0,6582;326,8998;17,7778;45,1756;0,0108;-0,0772;0,0166
4670;49,81707;0,1536;1,2284;0,6587;327,0946;17,5788;45,7093;-0,0001;0,0041;0,0072
4675;49,88657;0,1536;1,2276;0,6587;327,0274;17,5776;45,5543;-0,0183;-0,0509;-0,0171
4680;49,95553;0,1533;1,2269;0,659;327,1116;17,5017;45,5833;-0,0094;-0,0183;0,0136
4685;50,02537;0,153;1,2267;0,659;327,0651;17,4687;45,7033;0,0033;-0,0006;0,0074
4690;50,09475;0,1537;1,2263;0,6588;327,0915;17,6293;45,4645;0,0149;-0,0295;-0,0392
4695;50,1642;0,1549;1,2245;0,6585;327,2329;17,717;45,2831;0,0813;-0,1421;0,0053
4700;50,23375;0,1567;1,2222;0,6584;327,4444;17,8199;45,3122;0,0874;-0,075;-0,0129
4705;50,30343;0,1588;1,22;0,6584;327,614;18,0215;45,115;0,083;-0,1448;0,0162
4710;50,37265;0,16;1,2184;0,6589;327,8384;18,1273;45,2659;-0,0015;0,0222;-0,0174
4715;50,44194;0,1601;1,2188;0,6587;327,7328;18,1029;45,3338;-0,0233;0,0525;-0,0144
4720;50,51121;0,1595;1,2202;0,6579;327,5252;18,0134;45,2396;-0,0162;0,0423;-0,0192
4725;50,5806;0,1592;1,2207;0,6577;327,4629;17,9123;45,2964;-0,0111;0,023;-0,0178
4730;50,65021;0,1592;1,2207;0,6578;327,421;17,7783;45,2496;0,0062;-0,0184;0,021
4735;50,71991;0,1594;1,2203;0,6577;327,4164;17,8477;45,1635;0,0086;-0,0172;-0,0105
4740;50,78936;0,1604;1,2187;0,6581;327,5842;17,824;45,3684;0,0565;-0,0991;0,0275
4745;50,85865;0,1622;1,2171;0,6584;327,7423;18,0466;45,1305;0,0554;-0,0572;0,0125
4750;50,9281;0,1648;1,2146;0,6591;328,0522;18,2848;44,7805;0,07;-0,0715;0,0242
4755;50,99748;0,1661;1,2137;0,6591;328,1292;18,4409;44,6146;0,043;-0,028;-0,0032
4760;51,06694;0,1672;1,214;0,6581;327,6767;18,5944;44,397;0,0371;0,042;-0,0756
4765;51,1366;0,1685;1,2141;0,6566;327,7429;18,415;44,0734;0,0844;0,0037;-0,0639
4770;51,20667;0,1742;1,2136;0,6554;327,5911;19,3055;43,0412;0,1548;-0,1513;0,0392
4775;51,27507;0,1766;1,2086;0,6564;328,1667;18,9693;44,4243;0,0523;-0,1423;-0,0093
4780;51,34448;0,1776;1,2071;0,6558;328,1712;19,1371;43,8568;0,0842;-0,1833;-0,028
4785;51,41422;0,1783;1,2033;0,6555;328,3177;18,8301;44,2806;0,0234;-0,148;0,0022
4790;51,48457;0,1786;1,2009;0,6553;328,4449;18,6784;44,2015;0,0067;-0,0985;-0,0104
4795;51,55338;0,1787;1,1989;0,6548;328,3753;18,3774;44,2479;0,0097;-0,0452;0,0181
4800;51,62241;0,1793;1,1972;0,6546;328,4508;18,1341;44,6181;0,0309;-0,0099;-0,0418
4805;51,69174;0,1813;1,1961;0,6531;328,3322;18,3104;44,2075;0,0619;-0,0591;-0,0455
4810;51,76149;0,1828;1,1938;0,6523;328,4568;18,2949;44,1319;0,0454;-0,1489;-0,0263
4815;51,83071;0,1832;1,1915;0,6517;328,509;18,0105;44,3042;0,0001;-0,1012;-0,0358
4820;51,90059;0,1832;1,1887;0,6511;328,5328;17,5594;44,892;-0,0084;-0,1374;-0,0347
4825;51,96988;0,1834;1,1878;0,6509;328,4653;17,3691;45,1827;0,0074;-0,0117;-0,0298
4830;52,03909;0,1834;1,1871;0,6504;328,2163;16,9854;45,0627;-0,006;-0,0365;0,0076
4835;52,1086;0,1836;1,1865;0,651;327,9923;16,5827;45,4125;0,0421;-0,0072;0,0639
4840;52,17795;0,1842;1,1852;0,6505;327,9973;16,6481;45,2227;0,0042;-0,0772;-0,0533
4845;52,24766;0,1844;1,1826;0,6503;328,0934;16,3447;45,5351;0,008;-0,022;-0,0315
4850;52,31695;0,1845;1,181;0,6495;328,112;16,3055;45,3156;-0,0093;-0,0346;-0,0179
4855;52,38657;0,1846;1,1788;0,649;328,3718;16,0703;45,7376;0,044;-0,0893;-0,011
4860;52,45589;0,1862;1,1778;0,6485;328,3271;16,14;45,4513;0,076;-0,0337;-0,0108
4865;52,5253;0,1876;1,1766;0,6483;328,3605;16,3175;45,4067;0,0364;-0,0707;0,0152
4870;52,59474;0,1882;1,1743;0,6483;328,5826;16,0505;45,9386;0,0152;0,012;-0,0167
4875;52,66439;0,189;1,1734;0,6475;328,5403;16,1897;45,4328;0,023;-0,0335;-0,0185
4880;52,73528;0,1892;1,172;0,6468;328,546;16,0883;45,3471;0,0165;-0,0733;-0,0047
4885;52,80315;0,1898;1,1702;0,6467;328,6706;16,0739;45,4393;0,0341;-0,0587;0,0056
4890;52,87227;0,1902;1,1686;0,6465;328,811;16,0738;45,4212;0,0194;-0,0489;0,0096
4895;52,94171;0,1908;1,1686;0,6462;328,7564;16,194;45,2598;0,0192;0,0162;-0,0121
4900;53,01106;0,191;1,1696;0,6458;328,5902;16,2346;45,2094;-0,0042;0,0509;-0,0282
4905;53,08042;0,1908;1,1703;0,6451;328,4172;16,253;45,0926;-0,0148;0,0144;-0,0266
4910;53,14996;0,1904;1,1702;0,6451;328,4096;16,0896;45,1881;-0,0067;-0,0161;-0,0061
4915;53,21955;0,1899;1,1689;0,6446;328,4466;15,8722;45,3585;-0,0197;-0,0443;-0,031
4920;53,28904;0,1903;1,1671;0,6445;328,5596;15,9077;45,1505;0,0484;-0,1328;0,0169
4925;53,35826;0,1911;1,1644;0,6453;328,7891;16,0145;45,0298;0,0261;-0,1623;0,0572
4930;53,42783;0,1914;1,1612;0,6462;329,0957;15,9107;45,07;0,0044;-0,1092;0,0139
4935;53,49702;0,1916;1,1592;0,6463;329,1815;15,8826;45,0283;0,0086;-0,103;0,0015
4940;53,5666;0,1925;1,1579;0,6462;329,0693;16,0417;44,8872;0,0425;-0,0166;-0,028
4945;53,63654;0,1933;1,1578;0,6457;329,0679;16,2202;44,4956;0,0263;0,0007;-0,0446
4950;53,7055;0,1933;1,1574;0,6453;329,1039;16,1817;44,2972;-0,0148;-0,0361;-0,0088
4955;53,77496;0,1928;1,1566;0,6449;329,0432;15,9595;44,3369;-0,0132;-0,0315;-0,0239
4960;53,84452;0,1929;1,1559;0,6448;328,6025;16,3174;43,8485;0,0259;-0,0272;-0,0044
4965;53,91397;0,1923;1,1543;0,645;329,0142;16,1049;43,9671;-0,0304;-0,082;0,0136
4970;53,98327;0,1913;1,1526;0,6456;329,1698;15,7539;44,4721;-0,0175;-0,0225;0,0067
4975;54,05299;0,1907;1,1513;0,6455;329,3303;15,5099;44,5307;-0,0143;-0,0523;-0,0057
4980;54,12208;0,1916;1,1496;0,6455;329,5228;15,5581;44,6769;0,0719;-0,0723;0,0086
4985;54,19156;0,1938;1,1477;0,6454;329,7126;15,7877;44,5107;0,0404;-0,0459;-0,0042
4990;54,26245;0,1966;1,1458;0,6449;329,8532;16,0274;44,441;0,1329;-0,0916;-0,0215
4995;54,33074;0,1989;1,1439;0,6448;329,942;16,1648;44,4884;0,1088;-0,0906;-0,0109
5000;54,4003;0,2016;1,1417;0,6443;330,0642;16,4048;44,2229;0,0739;-0,0602;-0,0097
5005;54,46988;0,2042;1,1396;0,6441;330,2293;16,7047;43,8913;0,0695;-0,0775;0,001
5010;54,53906;0,2051;1,1379;0,6441;330,4343;16,7316;43,957;0,0209;-0,0549;0,0035
5015;54,6086;0,2054;1,137;0,6439;330,4446;16,7689;43,849;0,0109;-0,0345;-0,0071
5020;54,6781;0,2053;1,1358;0,6439;330,6005;16,7041;44,0391;-0,0102;-0,0427;0,0018
5025;54,74744;0,2052;1,136;0,6431;330,5321;16,8319;43,6752;0,0018;0,0035;-0,0023
5030;54,81672;0,2049;1,1357;0,6437;330,5735;16,7139;43,8854;-0,0036;-0,0031;0,015
5035;54,88639;0,2047;1,1355;0,6439;330,6779;16,6716;43,9579;-0,0175;-0,0195;0,0154
5040;54,95607;0,2047;1,1356;0,6439;330,6925;16,7169;43,8807;-0,0057;0,0019;-0,013
5045;55,02674;0,2048;1,1353;0,6438;330,7271;16,7861;43,8975;0,0052;-0,0051;-0,0158
5050;55,0946;0,2053;1,1349;0,6435;330,8284;16,8491;43,8874;0,0084;-0,0199;-0,0248
5055;55,1641;0,2061;1,1343;0,6434;330,8954;16,9601;43,8584;0,0438;-0,0226;-0,0064
5060;55,23396;0,2072;1,134;0,6433;330,9669;17,1158;43,7676;0,0365;-0,0086;-0,0016
5065;55,30336;0,2083;1,1337;0,643;331,0657;17,2605;43,7413;0,0488;-0,0103;-0,0158
5070;55,37246;0,2102;1,1341;0,6424;331,063;17,5186;43,4541;0,0602;0,01;-0,0304
5075;55,44155;0,213;1,1343;0,6416;331,015;17,9457;42,9588;0,0392;-0,0262;0,011
5080;55,51127;0,2139;1,1333;0,6414;331,2005;17,905;43,2246;0,0314;-0,0394;-0,0202
5085;55,58042;0,2143;1,1329;0,6413;331,179;17,9196;43,265;0,0116;-0,02;-0,0045
5090;55,65035;0,2148;1,132;0,6416;331,3216;17,9164;43,3541;0,0215;-0,0622;0,0284
5095;55,72005;0,215;1,1312;0,6415;331,3696;17,9391;43,3042;0,0028;-0,0281;-0,0051
5100;55,78924;0,2147;1,13;0,6416;331,5023;17,8559;43,2828;-0,0228;-0,0616;0,0015
5105;55,85836;0,2149;1,1294;0,6418;331,5433;17,8462;43,348;0,0087;-0,0115;-0,0142
5110;55,92803;0,2148;1,1288;0,6421;331,6256;17,826;43,269;-0,022;-0,033;0,0055
5115;55,99747;0,2147;1,1285;0,6422;331,6287;17,7681;43,2869;0,0028;0,0039;-0,0123
5120;56,06697;0,2143;1,1281;0,6423;331,6753;17,7114;43,303;-0,0471;-0,0383;0,0023
5125;56,13657;0,2125;1,1275;0,642;331,6337;17,369;43,5479;-0,1192;-0,0122;-0,0313
5130;56,20594;0,2091;1,1264;0,6417;331,6424;16,7606;43,7886;-0,1682;-0,0884;0,0004
5135;56,27511;0,2074;1,1249;0,642;331,8415;16,2982;43,8756;-0,0269;-0,0384;0,0161
5140;56,3446;0,2071;1,124;0,6426;331,9344;16,3555;43,9162;-0,0125;-0,043;0,0254
5145;56,4142;0,2069;1,1232;0,643;332,062;16,373;43,8066;-0,0215;-0,0404;0,0266
5150;56,48344;0,2063;1,1229;0,6434;332,0515;16,2883;43,9028;-0,021;0,0114;-0,004
5155;56,55448;0,2058;1,1226;0,6434;332,0813;16,0978;43,8894;-0,0093;-0,0397;0,0432
5160;56,6223;0,2062;1,1219;0,644;332,2584;16,0436;43,8792;0,0241;-0,0185;0,0029
5165;56,69179;0,2071;1,1214;0,6439;332,2589;16,2945;43,53;-0,013;-0,0248;-0,0112
5170;56,7612;0,2077;1,1202;0,6441;332,3922;16,3659;43,5576;0,0402;-0,0454;0,0124
5175;56,83069;0,2082;1,1185;0,644;332,5644;16,2931;43,6124;0,0165;-0,0445;-0,0063
5180;56,90025;0,2088;1,1159;0,6441;332,7954;16,2486;43,5675;0,0152;-0,1253;0,0134
5185;56,96965;0,2083;1,1105;0,6458;333,3206;16,0663;43,8996;-0,0589;-0,3093;0,1348
5190;57,03929;0,2075;1,1097;0,6463;333,3862;15,8704;44,1096;-0,0022;0,0359;-0,0057
5195;57,10842;0,2069;1,11;0,6465;333,3108;15,9354;43,9438;-0,0513;0,0106;0,0152
5200;57,17773;0,2057;1,1105;0,6468;333,2839;15,7225;44,1398;-0,0344;0,0322;0,0028
5205;57,24738;0,2051;1,1109;0,647;333,2357;15,6608;44,1132;-0,0216;0,0034;0,0118
5210;57,31681;0,2045;1,1102;0,6473;333,3084;15,513;44,324;-0,0208;-0,0436;0,0113
5215;57,38652;0,2049;1,1094;0,6475;333,3545;15,5539;44,2648;0,0393;-0,0465;-0,0042
5220;57,45569;0,2049;1,108;0,6474;333,5153;15,5156;44,2932;0,0006;-0,0524;0,0041
5225;57,52552;0,205;1,1061;0,6478;333,7476;15,355;44,4615;0,0111;-0,0769;0,0165
5230;57,59451;0,2058;1,1057;0,648;333,7772;15,5246;44,3128;0,024;-0,0044;-0,0026
5235;57,66404;0,2047;1,1048;0,6479;333,9943;15,1531;44,7464;-0,1287;-0,1116;0,0328
5240;57,73371;0,2042;1,1045;0,648;334,2417;14,762;45,0113;0,0214;0,0184;-0,0099
5245;57,80301;0,2052;1,1056;0,6479;333,9784;15,098;44,5388;0,0244;0,0261;-0,0198
5250;57,87246;0,2054;1,1051;0,6479;334,0406;14,9653;44,6785;0,0117;-0,0138;-0,0116
5255;57,94164;0,2068;1,1043;0,6476;334,0539;14,9929;44,6991;0,0659;-0,0463;-0,0257
5260;58,01121;0,2081;1,0998;0,6479;334,6998;14,7996;45,0006;0,0464;-0,2529;0,0555
5265;58,08149;0,2079;1,0962;0,6492;335,3183;14,5346;45,4144;-0,0266;0,0365;-0,008
5270;58,15001;0,2072;1,0951;0,6497;335,4657;14,5838;45,217;-0,0715;-0,1044;0,0565
5275;58,22026;0,2051;1,0936;0,6508;335,6508;14,2679;45,6573;-0,0384;-0,0036;0,0134
5280;58,28897;0,2054;1,0942;0,6509;335,6342;14,4035;45,344;0,0261;0,0257;-0,0158
5285;58,35912;0,2074;1,0947;0,6507;335,6194;14,76;44,9863;0,0342;-0,0014;-0,0154
5290;58,428;0,2097;1,0946;0,65;335,574;15,0347;44,8444;0,0388;-0,0377;-0,0095
5295;58,49757;0,2119;1,0923;0,6497;335,8404;15,2189;44,9435;0,088;-0,1302;0,005
5300;58,56643;0,2132;1,0909;0,6499;335,9445;15,3677;44,9539;0,0579;-0,0501;0,0151
5305;58,63627;0,2138;1,09;0,6499;336,0332;15,4127;44,9832;0,017;-0,0407;-0,0024
5310;58,70584;0,2144;1,0901;0,6494;336,0342;15,5513;44,7405;0,0089;0,0096;-0,0436
5315;58,77527;0,215;1,0901;0,6489;335,9955;15,6894;44,5656;0,0217;-0,01;-0,0222
5320;58,84452;0,2156;1,0895;0,6487;336,0508;15,7259;44,7213;0,0117;-0,0179;-0,014
5325;58,91389;0,2166;1,0891;0,6484;336,015;15,8842;44,6709;0,0293;-0,0271;-0,0045
5330;58,98347;0,2175;1,0885;0,6483;336,0813;15,9753;44,7017;0,0226;-0,0161;-0,0086
5335;59,05331;0,2189;1,0878;0,6479;336,1569;16,0426;44,9652;0,0368;0,0174;-0,0089
5340;59,12246;0,222;1,0885;0,6473;336,0218;16,5732;44,4457;-0,0035;-0,0384;-0,0037
5345;59,1914;0,2228;1,0878;0,6471;336,0914;16,4295;44,9487;0,0381;-0,0269;-0,0275
5350;59,2611;0,2235;1,0874;0,6466;336,1013;16,4401;44,9697;0,0284;-0,0167;-0,0186
5355;59,33034;0,2241;1,0862;0,6465;336,2306;16,3524;45,1949;0,0157;-0,0452;-0,0093
5360;59,40018;0,2252;1,0858;0,6464;336,209;16,5201;45,0477;0,0374;-0,0184;-0,0026
5365;59,46983;0,2261;1,0851;0,6465;336,3202;16,5834;45,0344;0,0321;-0,0202;-0,0072
5370;59,5396;0,2272;1,0847;0,6461;336,3452;16,7198;44,8639;0,0346;-0,0311;-0,0182
5375;59,60971;0,2285;1,0838;0,6458;336,4167;16,9116;44,7571;0,0782;-0,0473;-0,0203
5380;59,67764;0,2294;1,0825;0,6456;336,5793;16,9478;44,7925;0,0516;-0,0287;-0,0061
5385;59,74743;0,2308;1,0811;0,6454;336,7747;17,0641;44,7638;0,043;-0,0574;0,0037
5390;59,81648;0,2318;1,0799;0,6455;336,8318;17,1619;44,6938;0,0296;-0,0776;0,0014
5395;59,88648;0,2326;1,0793;0,6454;336,8733;17,2737;44,7659;0,0206;-0,0064;-0,0153
5400;59,95578;0,2331;1,079;0,6452;336,8902;17,2847;44,7413;0,032;-0,0072;0,0136
5405;60,02499;0,2339;1,0787;0,6452;336,9398;17,356;44,6896;0,0358;-0,0187;-0,0026
5410;60,09435;0,2351;1,078;0,6451;337,0142;17,4812;44,5901;0,0471;-0,0413;0,0032
5415;60,16406;0,2369;1,0772;0,6451;337,1074;17,7715;44,4687;0,0613;-0,0258;0,01
5420;60,23493;0,2383;1,0759;0,6453;337,3065;17,8828;44,5709;0,053;-0,0952;0,0205
5425;60,30307;0,2386;1,0755;0,645;337,3565;17,8892;44,5507;0,0199;-0,0051;-0,0181
5430;60,37236;0,2393;1,0748;0,6452;337,3881;18,004;44,3731;0,0192;-0,0647;0,0324
5435;60,44162;0,2397;1,074;0,6454;337,4666;18,0078;44,3671;0,0235;-0,0403;0,0166
5440;60,51112;0,2401;1,0733;0,6456;337,5551;18,081;44,3001;0,0309;-0,0119;0,0172
5445;60,58059;0,2403;1,073;0,6455;337,597;18,0945;44,2787;0,0059;-0,0147;-0,0042
5450;60,6501;0,2413;1,0728;0,6451;337,6651;18,2464;44,111;0,1073;0,024;-0,0318
5455;60,72005;0,2425;1,0726;0,6449;337,6674;18,366;44,0986;0,0563;-0,0259;-0,02
5460;60,78926;0,2443;1,0712;0,6446;337,7456;18,4736;44,2516;0,0853;-0,0956;-0,0129
5465;60,85857;0,2454;1,0693;0,6443;337,9226;18,5538;44,3337;0,0306;-0,068;-0,0165
5470;60,92785;0,2462;1,0679;0,6439;338,023;18,5542;44,357;0,0546;-0,0599;-0,0346
5475;60,99758;0,2475;1,0671;0,6433;338,0459;18,6839;44,2535;0,0451;-0,0361;-0,0246
5480;61,06661;0,2492;1,0661;0,6427;338,0992;18,794;44,4173;0,0517;-0,0177;-0,0302
5485;61,13651;0,2508;1,0647;0,6424;338,2066;18,9041;44,2785;0,0517;-0,0808;-0,0335
5490;61,20572;0,2514;1,062;0,6423;338,4449;18,8961;44,4143;-0,019;-0,106;-0,0094
5495;61,27517;0,25;1,0584;0,6421;338,7573;18,4621;44,8215;-0,0329;-0,0623;-0,0035
5500;61,34456;0,2494;1,0564;0,6421;338,8889;18,3415;44,7432;-0,0181;-0,0818;-0,0047
5505;61,41403;0,249;1,0546;0,6424;339,0505;18,2384;44,6671;-0,008;-0,0572;0,012
5510;61,48346;0,2494;1,0545;0,6425;339,0204;18,2859;44,4409;0,0374;0,0038;0,0462
5515;61,55341;0,25;1,0542;0,6436;338,9973;18,308;44,3883;0,0133;-0,0465;0,0541
5520;61,62222;0,25;1,0532;0,6441;339,0806;18,2063;44,5503;0,0192;-0,0236;0,034
5525;61,69283;0,2502;1,0519;0,6441;339,188;18,2166;44,4197;0,0081;-0,0671;-0,009
5530;61,76215;0,2502;1,0497;0,644;339,4026;18,1424;44,5022;-0,0006;-0,1005;-0,0022
5535;61,83036;0,2503;1,048;0,6436;339,5447;18,0831;44,4884;0,0078;-0,0296;-0,0177
5540;61,89966;0,2501;1,0466;0,6431;339,6604;17,9705;44,5097;-0,0273;-0,0416;-0,013
5545;61,96984;0,2503;1,0472;0,6433;339,5387;17,9073;44,454;0,0414;0,0693;0,0458
5550;62,03919;0,2504;1,049;0,6429;339,3276;17,9489;44,2153;-0,0013;0,0477;-0,015
5555;62,10859;0,2504;1,049;0,643;339,3479;17,8873;44,2254;0,0159;-0,0196;0,022
5560;62,17756;0,2504;1,048;0,6429;339,4457;17,866;44,2891;-0,0124;-0,0462;-0,0215
5565;62,24714;0,2498;1,0462;0,6424;339,5669;17,7504;44,1517;-0,0311;-0,0764;-0,0053
5570;62,3164;0,2489;1,0442;0,6425;339,797;17,5137;44,41;-0,0006;0,0042;-0,0095
5575;62,38617;0,2483;1,0435;0,6419;339,8112;17,4499;44,1709;-0,0124;-0,0205;-0,0098
5580;62,45552;0,248;1,0428;0,6416;339,8946;17,2814;44,4058;-0,015;-0,0232;-0,0245
5585;62,52503;0,2486;1,0432;0,6413;339,7855;17,3022;44,1333;0,0165;0,0039;-0,0177
5590;62,59446;0,2485;1,0425;0,6402;339,8749;17,0748;44,0481;-0,0161;-0,0305;-0,018
5595;62,66376;0,2484;1,0414;0,6389;339,8705;16,8626;44,0692;-0,0055;-0,0469;-0,0561
5600;62,73349;0,2478;1,0393;0,6374;340,0147;16,5024;44,3384;-0,0492;-0,1218;-0,0784
5605;62,80316;0,2479;1,0395;0,6358;339,8158;16,5382;43,8483;-0,0112;-0,0017;-0,0608
5610;62,87231;0,2456;1,0382;0,6343;340,0161;15,7935;44,1991;-0,2316;-0,1227;-0,101
5615;62,94149;0,2445;1,038;0,6328;339,7662;15,6665;43,9644;-0,0307;-0,0318;-0,0365
5620;63,01112;0,2431;1,0362;0,6317;340,0232;15,1651;44,1067;-0,0418;-0,0689;-0,0482
5625;63,08026;0,2417;1,0348;0,6296;340,1863;14,5559;44,2033;-0,0409;-0,0354;-0,0763
5630;63,15013;0,2424;1,0352;0,6276;340,0045;14,338;44,1281;0,0689;0,0362;-0,0976
5635;63,22007;0,2443;1,0355;0,6259;339,9266;14,2172;44,0423;0,0771;0,0127;-0,0663
5640;63,28879;0,2465;1,037;0,6237;339,706;14,0448;44,0562;0,0915;0,1249;-0,1354
5645;63,35844;0,2475;1,0389;0,622;339,5072;13,9198;43,8627;0,0155;0,0088;-0,0126
5650;63,42801;0,2484;1,0389;0,6215;339,5733;13,7936;43,7485;0,0335;-0,0314;0,0024
5655;63,49683;0,2486;1,0359;0,6217;339,9213;13,5242;43,7125;-0,0028;-0,1851;0,0232
5660;63,56691;0,2485;1,0326;0,6223;340,2451;13,3992;43,7533;-0,0088;-0,1279;0,0228
5665;63,63622;0,2485;1,0285;0,6235;340,7625;13,3628;43,8686;-0,0141;-0,1181;0,055
5670;63,70574;0,2484;1,0276;0,624;340,7481;13,4333;43,7464;-0,0067;-0,0556;0,0201
5675;63,77503;0,2476;1,0265;0,6243;340,8573;13,3391;43,9151;-0,0194;0,0048;-0,019
5680;63,84448;0,2472;1,0262;0,6238;340,8781;13,3861;43,8701;-0,014;-0,0098;-0,0686
5685;63,914;0,2465;1,0257;0,6235;340,9407;13,3516;43,9865;-0,0439;-0,0432;-0,0204
5690;63,98331;0,2465;1,0243;0,6236;341,0468;13,5212;43,8546;-0,0056;-0,1179;0,012
5695;64,05299;0,2457;1,0194;0,6248;341,5048;13,3819;44,2255;-0,0514;-0,2214;0,0411
5700;64,12223;0,2448;1,0147;0,6254;342,0917;13,1007;44,5466;0,0116;-0,0908;0,0235
5705;64,1913;0,2449;1,0131;0,6259;342,1806;13,2274;44,3312;-0,0065;-0,0916;0,0072
5710;64,26077;0,2447;1,0119;0,6261;342,2963;13,1619;44,5024;-0,0068;-0,0114;-0,0064
5715;64,33032;0,2448;1,0123;0,6256;342,2616;13,2354;44,2879;0,0305;0,0532;-0,015
5720;64,40011;0,2447;1,0129;0,6254;342,173;13,1751;44,2861;-0,0219;0,0326;-0,0356
5725;64,46946;0,2447;1,0133;0,6253;342,0721;13,1134;44,3537;0,0128;0,0254;-0,0292
5730;64,53908;0,2453;1,0117;0,6257;342,2398;13,1092;44,434;0,0255;-0,1094;-0,0003
5735;64,60857;0,2461;1,0087;0,6258;342,5515;13,2325;44,3749;0,0277;-0,1181;0,0047
5740;64,6776;0,2466;1,0055;0,6259;342,8748;13,2444;44,518;0,0164;-0,0704;0,0014
5745;64,74703;0,2473;1,0031;0,6258;343,3646;13,2908;44,4362;0,0131;-0,0087;-0,008
5750;64,81649;0,248;1,0025;0,6259;343,3711;13,418;44,399;0,0175;-0,0192;-0,0049
5755;64,88596;0,2481;1,0024;0,6257;343,407;13,4158;44,2789;0,0065;-0,0082;0,0024
5760;64,95535;0,2477;1,0015;0,6259;343,477;13,3534;44,3747;-0,0308;-0,0608;-0,0014
5765;65,0249;0,2472;0,9991;0,6261;343,7712;13,2752;44,3675;-0,009;-0,1227;0,0134
5770;65,09452;0,2467;0,9943;0,6264;344,2638;13,1472;44,4842;-0,0337;-0,2598;0,0173
5775;65,16367;0,247;0,9913;0,6266;344,5886;13,0687;44,6537;0,0475;-0,0448;0,0113
5780;65,23321;0,248;0,9903;0,6265;344,6201;13,3145;44,3165;0,0125;-0,035;0,0003
5785;65,30286;0,2482;0,9894;0,6263;344,7883;13,2373;44,6024;0,0047;0,0186;-0,022
5790;65,37194;0,2488;0,99;0,626;344,6863;13,3341;44,4286;0,0262;0,0311;-0,0154
5795;65,44161;0,249;0,9894;0,6261;344,7395;13,2648;44,5871;0,0209;-0,0369;0,0247
5800;65,51112;0,2491;0,9879;0,6256;344,8514;13,2601;44,5959;0,0017;-0,0824;-0,0302
5805;65,5815;0,2491;0,9834;0,6254;345,2665;13,1773;44,8249;-0,0193;-0,2777;-0,0008
5810;65,64973;0,2496;0,9805;0,6256;345,6049;13,2198;44,9385;0,0452;-0,0713;0,0047
5815;65,71958;0,2507;0,9792;0,6257;345,6761;13,4037;44,795;0,0286;-0,056;0,0033
5820;65,78896;0,2514;0,9778;0,6259;345,8878;13,4453;44,8785;0,0228;-0,0577;0,0059
5825;65,85833;0,2517;0,9778;0,6257;345,8849;13,4762;44,9508;0,0068;0,0091;-0,0056
5830;65,92758;0,2515;0,9781;0,6255;345,8624;13,3711;45,0538;-0,0044;0,021;-0,0122
5835;65,99696;0,2525;0,9785;0,6258;345,8478;13,4713;44,8897;0,0394;0,0082;-0,0051
5840;66,06681;0,2537;0,9781;0,6258;345,9018;13,5965;44,8907;0,0452;-0,032;-0,0025
5845;66,13622;0,2555;0,9768;0,6255;346,0584;13,7415;44,9314;0,1157;-0,0482;-0,0227
5850;66,20547;0,2573;0,9757;0,6253;346,1445;13,8636;45,0206;0,0645;-0,0615;-0,0124
5855;66,2749;0,2588;0,9749;0,625;346,2498;13,9606;45,0399;0,0753;-0,0141;-0,0227
5860;66,34438;0,2604;0,9747;0,6247;346,229;14,1673;44,8801;0,0446;-0,0226;-0,0064
5865;66,41385;0,2611;0,9737;0,6245;346,3645;14,146;45,0139;0,0119;-0,0155;-0,0077
5870;66,48337;0,2617;0,973;0,6241;346,3825;14,2338;44,9603;0,0161;-0,0283;-0,0225
5875;66,55298;0,2614;0,9712;0,6238;346,5843;14,2202;44,9886;-0,0317;-0,1381;0,0168
5880;66,62234;0,2609;0,9698;0,6241;346,7211;14,1147;45,0495;-0,0179;-0,0582;0,0165
5885;66,69147;0,2604;0,9692;0,6243;346,7749;14,0816;44,9863;-0,02;-0,0158;0,0207
5890;66,76112;0,2597;0,9691;0,6245;346,7478;13,9864;45,0078;-0,0259;-0,0075;-0,0005
5895;66,83073;0,2599;0,969;0,6247;346,7603;13,9777;45,0352;0,0452;-0,0056;0,0353
5900;66,89989;0,2612;0,9685;0,6246;346,8281;14,1327;44,8713;0,0428;-0,0463;-0,0323
5905;66,97002;0,2622;0,9674;0,624;346,9365;14,1864;44,9701;0,0433;-0,0154;-0,0156
5910;67,03915;0,2634;0,9663;0,6235;347,0206;14,3181;44,7768;0,0347;-0,0811;-0,0121
5915;67,10935;0,2644;0,9649;0,6234;347,163;14,425;44,8353;0,0482;-0,0412;0,0007
5920;67,1776;0,265;0,9638;0,6232;347,2614;14,447;44,7567;0,0117;-0,0193;0,0031
5925;67,24696;0,2656;0,963;0,623;347,3212;14,5603;44,6663;0,0131;-0,0159;-0,0097
5930;67,31696;0,2651;0,9622;0,6226;347,42;14,4275;44,9592;-0,0034;0,0135;-0,018
5935;67,38694;0,2658;0,9623;0,6229;347,3649;14,5684;44,8235;0,0196;0,003;0,01
5940;67,45549;0,266;0,9627;0,6226;347,3317;14,5804;44,8279;0,0161;0,0369;-0,0277
5945;67,52473;0,2672;0,963;0,6225;347,3185;14,7047;44,8175;0,0583;0,011;-0,0129
5950;67,59456;0,2692;0,9633;0,6219;347,2519;14,9665;44,7993;0,0669;0,0145;-0,0256
5955;67,66384;0,2701;0,9629;0,6216;347,3419;14,9559;45,0148;0,0212;-0,011;-0,0203
5960;67,73352;0,2712;0,9631;0,6212;347,258;15,111;44,7944;0,0594;0,018;-0,0302
5965;67,80318;0,272;0,9629;0,6209;347,2887;15,1376;44,7785;0,0311;-0,0079;-0,022
5970;67,87231;0,274;0,9622;0,6206;347,3401;15,3577;44,6329;0,0833;-0,0476;-0,0147
5975;67,94152;0,2761;0,9607;0,6203;347,4617;15,5238;44,67;0,0578;-0,0564;-0,0186
5980;68,01066;0,278;0,9595;0,6199;347,551;15,6403;44,7625;0,0619;-0,026;-0,0193
5985;68,08035;0,2797;0,9585;0,6197;347,6589;15,782;44,7484;0,0535;-0,0414;-0,0084
5990;68,15018;0,2806;0,958;0,6197;347,6906;15,8753;44,7812;0,0201;-0,0075;-0,0065
5995;68,21981;0,281;0,9583;0,6196;347,6417;15,9699;44,5949;0,0058;-0,0006;0,0166
6000;68,28903;0,2809;0,9582;0,6198;347,6943;15,8752;44,6443;0,0075;-0,0227;0,0447
6005;68,35831;0,2816;0,9583;0,6202;347,6393;15,9616;44,5015;0,0401;-0,0086;0,0366
6010;68,42776;0,2824;0,9577;0,6201;347,7285;16,0165;44,5649;0,0456;-0,0276;-0,0204
6015;68,49703;0,2848;0,9568;0,6196;347,8008;16,2673;44,5635;0,1005;-0,0491;-0,0217
6020;68,56664;0,2882;0,9556;0,6187;347,8552;16,6627;44,3833;0,0739;-0,0384;-0,0224
6025;68,63659;0,2903;0,954;0,6182;348,0852;16,6682;44,7274;0,1059;-0,0653;-0,0123
6030;68,70566;0,2919;0,954;0,618;348,0436;16,8985;44,3816;0,0202;-0,0215;0,0107
6035;68,77615;0,2925;0,9534;0,6178;348,1283;16,8948;44,3818;0,0132;-0,0282;-0,0162
6040;68,84438;0,2927;0,9528;0,6176;348,1671;16,9401;44,2789;-0,0173;-0,0654;-0,0129
6045;68,91404;0,2925;0,9512;0,6176;348,3224;16,8539;44,4718;-0,0171;-0,0785;-0,0049
6050;68,98361;0,293;0,9503;0,6174;348,3653;16,9384;44,4608;0,0231;-0,0295;-0,0073
6055;69,05326;0,2938;0,9494;0,6171;348,4375;17,1159;44,2259;0,0045;-0,0418;-0,0058
6060;69,12233;0,2951;0,9494;0,6168;348,446;17,3538;44,1601;0,0724;0,0213;-0,0126
6065;69,19168;0,2959;0,949;0,6164;348,5221;17,4553;44,3015;0,036;-0,0053;-0,0091
6070;69,26122;0,2967;0,9489;0,6161;348,5155;17,4932;44,3256;0,0542;0,0059;-0,0431
6075;69,33038;0,2976;0,9484;0,6156;348,5355;17,6501;44,1545;0,045;-0,0405;-0,0252
6080;69,40056;0,2979;0,9463;0,6152;348,7385;17,5863;44,2843;0,0032;-0,1208;-0,0217
6085;69,46983;0,2987;0,9452;0,615;348,8298;17,6988;44,2172;0,0287;-0,0281;-0,0089
6090;69,53897;0,2989;0,9444;0,6147;348,916;17,6973;44,1965;0,0021;-0,0265;-0,0078
6095;69,60871;0,2997;0,9445;0,6148;348,8931;17,7482;44,2322;0,0504;0,0589;-0,012
6100;69,67787;0,3005;0,9457;0,6146;348,727;17,8276;44,1218;0,0075;0,0214;-0,0086
6105;69,7472;0,3009;0,9459;0,6144;348,7176;17,8064;44,3123;0,0208;-0,0065;-0,0019
6110;69,81634;0,3018;0,9451;0,6144;348,7745;17,9188;44,2916;0,0373;-0,0493;-0,0161
6115;69,88631;0,3027;0,9437;0,614;348,9418;18,0315;44,0869;0,0278;-0,0515;-0,0019
6120;69,95589;0,3036;0,9423;0,6139;349,0313;18,1817;44,0118;0,0344;-0,0396;0,0158
6125;70,02497;0,3042;0,9409;0,6139;349,2352;18,1402;44,1902;0,0324;0,0037;0,0045
6130;70,09444;0,3053;0,9416;0,6134;349,1044;18,3296;43,9305;0,0113;0,0278;-0,0107
6135;70,16384;0,3057;0,9421;0,6134;349,0357;18,2556;44,0189;0,0411;-0,0015;0,0298
6140;70,23363;0,3064;0,9419;0,6134;349,0265;18,2872;44,0675;0,0329;-0,0336;0,0178
6145;70,3033;0,307;0,9403;0,6133;349,1636;18,3309;44,0828;0,0114;-0,132;-0,0077
6150;70,37212;0,3071;0,9377;0,6133;349,4706;18,2778;44,1658;0,0021;-0,1212;-0,0008
6155;70,44169;0,3072;0,9357;0,6133;349,8404;18,3189;44,147;-0,0404;0,0785;-0,0097
6160;70,51086;0,3068;0,9348;0,6134;349,9469;18,2278;44,2107;-0,0121;-0,0088;0,0026
6165;70,58042;0,3064;0,9348;0,6139;349,9106;18,1783;44,0418;-0,0154;0,0027;0,018
6170;70,64997;0,3058;0,9349;0,6146;349,8951;18,0133;44,1559;-0,023;-0,0002;0,0134
6175;70,71997;0,306;0,9351;0,6149;349,8447;18,0282;44,2519;0,0084;0,0005;0,0022
6180;70,7891;0,3062;0,9341;0,6149;349,9772;17,9936;44,3233;0,0179;-0,0462;-0,0014
6185;70,85823;0,3067;0,9325;0,6149;350,0945;18,0747;44,2599;0,0179;-0,0882;-0,0126
6190;70,92741;0,3065;0,9296;0,6149;350,4419;17,9009;44,5008;0,0067;-0,1039;0,0105
6195;70,99763;0,307;0,9284;0,6151;350,4927;18,0376;44,4156;-0,0016;-0,0634;0,0019
6200;71,06615;0,3065;0,9272;0,6153;350,6211;17,871;44,5658;0,0048;0,0053;0,0015
6205;71,13574;0,3066;0,927;0,6153;350,6443;17,9157;44,4318;0,026;0,0083;0,011
6210;71,20546;0,3063;0,9272;0,6148;350,6355;17,9107;44,3135;-0,0026;-0,0022;-0,0014
6215;71,27488;0,306;0,9272;0,6146;350,6056;17,8281;44,3775;-0,0102;0,0075;-0,0235
6220;71,34402;0,306;0,926;0,6145;350,6522;17,7196;44,3286;-0,0132;-0,0996;-0,0281
6225;71,41367;0,3065;0,9239;0,6143;350,9016;17,6832;44,4861;0,0317;-0,042;-0,0004
6230;71,48331;0,3073;0,9232;0,6143;350,9621;17,8013;44,4563;0,0202;-0,0189;-0,0032
6235;71,55301;0,3074;0,9232;0,6142;350,9939;17,7197;44,4353;0,0097;-0,0008;0,013
6240;71,62184;0,3076;0,9235;0,6143;350,9055;17,766;44,2983;0,0033;0,0232;-0,0205
6245;71,69148;0,307;0,9218;0,6143;351,0854;17,5607;44,5164;-0,0563;-0,1724;0,0055
6250;71,76082;0,3071;0,9203;0,6142;351,2155;17,5701;44,4453;0,0095;-0,0925;0,0006
6255;71,83022;0,3077;0,9195;0,6142;351,2929;17,6312;44,421;0,0314;-0,0134;-0,0186
6260;71,89988;0,3082;0,9188;0,6137;351,3149;17,7087;44,3398;0,0113;-0,0845;-0,0206
6265;71,96985;0,3084;0,9172;0,6134;351,4579;17,6905;44,3901;0,0106;-0,1073;-0,0268
6270;72,0387;0,3087;0,9157;0,6134;351,5968;17,6456;44,4781;0,0169;-0,0392;-0,0031
6275;72,10836;0,3086;0,9152;0,6132;351,6518;17,5962;44,5684;0,0006;-0,0003;-0,0065
6280;72,17754;0,3088;0,9149;0,6131;351,6929;17,5936;44,5062;0,0094;-0,0325;-0,0105
6285;72,2468;0,309;0,914;0,6127;351,7944;17,5876;44,53;0,0054;-0,0539;-0,0104
6290;72,31635;0,3092;0,9123;0,6127;352,0124;17,5596;44,6422;0,0086;-0,0712;0,0064
6295;72,38601;0,3091;0,9113;0,6124;352,127;17,5073;44,5864;-0,0078;-0,0549;-0,0111
6300;72,4567;0,309;0,9104;0,6123;352,222;17,5049;44,6006;-0,014;-0,0564;-0,0124
6305;72,52467;0,3085;0,9074;0,6122;352,8052;17,3759;44,7409;0,0005;-0,088;0,0079
6310;72,59409;0,3082;0,9054;0,6121;353,0442;17,2506;44,7307;-0,0027;-0,0177;0,0046
6315;72,66346;0,3074;0,9029;0,612;353,3088;17,0824;44,8706;-0,0184;-0,0579;0,005
6320;72,73324;0,3074;0,9021;0,6122;353,381;17,1235;44,7508;-0,0006;-0,0212;0,0044
6325;72,80259;0,3072;0,9022;0,6121;353,3744;17,1214;44,8256;-0,0146;0,008;0,0032
6330;72,87198;0,3067;0,9023;0,6121;353,3814;16,9971;44,8343;-0,0247;-0,0098;-0,0024
6335;72,94139;0,3069;0,9015;0,6124;353,4218;17,0294;44,8217;-0,0041;-0,055;0,0017
6340;73,0109;0,3062;0,8993;0,6121;353,7208;16,8814;44,8833;-0,017;-0,109;-0,0002
6345;73,08037;0,3061;0,8976;0,612;353,89;16,8241;44,9141;-0,0033;-0,0696;-0,0133
6350;73,14972;0,3065;0,8966;0,6117;353,9566;16,9266;44,7726;0,0183;-0,0397;-0,0217
6355;73,21948;0,3065;0,8959;0,6114;354,065;16,909;44,8114;-0,0093;-0,044;-0,0165
6360;73,28909;0,3063;0,8952;0,6112;354,1247;16,8268;44,8377;-0,0062;-0,0506;0,0039
6365;73,3582;0,3061;0,8934;0,6112;354,3727;16,7469;44,8315;-0,0002;-0,0683;0,0031
6370;73,42776;0,3062;0,8912;0,6111;354,6177;16,7154;44,7829;0,0237;-0,0839;0,0106
6375;73,49713;0,3067;0,8895;0,6112;354,8403;16,7185;44,852;0,0197;-0,0174;-0,0045
6380;73,56678;0,3068;0,8886;0,6108;354,9174;16,7243;44,9588;-0,0215;-0,0384;-0,024
6385;73,6367;0,307;0,8886;0,6109;354,948;16,7171;45,0305;0,034;0,0185;0,0124
6390;73,7058;0,3075;0,8897;0,611;354,8012;16,7904;44,8448;0,0076;0,012;0,0134
6395;73,77501;0,3077;0,8901;0,6113;354,7555;16,7706;44,8893;0,0196;0,0022;0,0256
6400;73,8443;0,3074;0,8894;0,6112;354,8381;16,6569;44,8915;-0,0217;-0,0533;0,0017
6405;73,91373;0,3062;0,8866;0,611;355,2103;16,4475;45,0353;-0,0341;-0,1052;0,0017
6410;73,98309;0,3054;0,8832;0,6113;355,673;16,2721;45,218;-0,0161;-0,0446;0,0027
6415;74,05264;0,3049;0,882;0,6114;355,7748;16,2916;45,063;-0,0419;-0,0965;0,0045
6420;74,12337;0,3046;0,8808;0,6115;355,8844;16,2466;45,12;-0,0044;-0,0284;0,0041
6425;74,19135;0,3043;0,8797;0,6113;356,0416;16,218;45,0719;-0,0119;-0,0704;0,0026
6430;74,26058;0,3041;0,879;0,6112;356,1412;16,2044;45,0636;-0,0007;-0,0459;0,0024
6435;74,33047;0,3041;0,8776;0,6108;356,3697;16,1744;45,06;0,0169;-0,0598;0,0025
6440;74,40897;0,3048;0,8765;0,6105;356,5185;16,2318;44,9809;0,0497;-0,0442;-0,0248
6445;74,46982;0,3051;0,876;0,6103;356,5651;16,2278;45,0432;-0,0015;-0,0193;-0,0092
6450;74,53896;0,3052;0,8753;0,6099;356,6431;16,2472;44,9103;0,0107;-0,0657;-0,0135
6455;74,60825;0,3052;0,8726;0,6096;356,9816;16,1972;44,9671;-0,0206;-0,1894;-0,0071
6460;74,67767;0,3048;0,8687;0,6096;357,5436;16,0865;45,1261;0,0151;-0,0466;-0,0052
6465;74,7474;0,3047;0,8668;0,6093;357,6953;16,005;45,2107;0,0077;-0,0525;-0,0055
6470;74,8168;0,3052;0,8653;0,6092;357,825;16,0749;45,215;0,0124;-0,0914;-0,0236
6475;74,88609;0,3054;0,8636;0,6088;358,022;16,0737;45,1771;0,0154;-0,0759;0,001
6480;74,9554;0,306;0,8609;0,6086;358,2966;16,096;45,3475;0,011;-0,0551;-0,008
6485;75,02534;0,3064;0,8593;0,6084;358,424;16,1487;45,2527;0,0081;-0,0747;0,0043
6490;75,09449;0,3062;0,8577;0,6083;358,5851;16,0997;45,3794;-0,0122;-0,0215;0,0041
6495;75,16428;0,3059;0,8572;0,6083;358,6366;16,052;45,3704;-0,0043;-0,0147;0,0126
6500;75,23289;0,3059;0,8573;0,6086;358,6341;16,0147;45,3072;0,0129;0,0039;0,0216
6505;75,3029;0,306;0,8572;0,6087;358,5983;16,0616;45,2208;-0,004;-0,0166;0,0031
6510;75,37177;0,3054;0,8559;0,6086;358,7105;16,0241;45,3012;-0,0406;-0,086;-0,0043
6515;75,44122;0,305;0,8546;0,6085;358,8359;15,9692;45,3475;-0,0137;-0,0611;-0,0077
6520;75,51205;0,3044;0,8527;0,6082;359,0099;15,9475;45,2846;-0,0374;-0,1095;-0,0157
6525;75,58015;0,3042;0,8512;0,6081;359,1935;15,8636;45,4341;0,0131;-0,0021;0,0028
6530;75,64971;0,3046;0,8517;0,608;359,091;16,0167;45,096;-0,0006;-0,011;-0,0016
6535;75,71996;0,3045;0,8509;0,6078;359,1889;15,973;45,2264;-0,0034;-0,0395;-0,0083
6540;75,78875;0,3047;0,8496;0,6079;359,283;15,9856;45,2775;0,0049;-0,0603;-0,0042
6545;75,85794;0,3048;0,8475;0,6076;359,4541;16,0005;45,2878;-0,0112;-0,1219;-0,0154
6550;75,92731;0,3049;0,8452;0,6073;359,6755;16,0071;45,3844;0,0102;-0,0644;-0,0067
6555;75,99664;0,3054;0,8431;0,607;359,8651;16,0947;45,1607;0,013;-0,0841;-0,0118
6560;76,06639;0,3055;0,8414;0,6066;0,0379;16,0649;45,2721;0,0104;-0,0288;-0,0084
6565;76,13597;0,306;0,8397;0,606;0,1549;16,1434;45,1925;0,0321;-0,0957;-0,0252
6570;76,20514;0,3065;0,8382;0,6058;0,32;16,2074;45,2499;0,0151;-0,0415;-0,0072
6575;76,27451;0,3067;0,8372;0,6056;0,3501;16,227;45,2204;-0,0032;-0,06;-0,0218
6580;76,34419;0,3067;0,8361;0,6052;0,4888;16,1994;45,2082;0,0057;-0,0341;-0,0112
6585;76,41364;0,3068;0,8339;0,6048;0,7211;16,23;45,3788;0,001;-0,098;-0,0145
6590;76,48298;0,3069;0,8329;0,6043;0,8047;16,2384;45,2433;-0,0045;-0,0524;-0,0272
6595;76,55279;0,307;0,8313;0,6039;0,9734;16,2659;45,2934;0,0077;-0,0264;-0,0162
6600;76,62182;0,3071;0,8308;0,6035;1,0384;16,3111;45,2514;-0,0066;-0,0001;-0,0234
6605;76,69134;0,3072;0,8309;0,6034;0,977;16,3397;45,1363;0,0132;-0,013;0,0228
6610;76,761;0,3067;0,8295;0,6033;1,1539;16,2097;45,3464;-0,0377;-0,1128;-0,0069
6615;76,83017;0,307;0,8291;0,6032;1,1441;16,2768;45,2628;0,0149;-0,0213;-0,0164
6620;76,90027;0,307;0,8287;0,6028;1,1966;16,2569;45,3748;-0,0091;0,008;-0,0216
6625;76,96973;0,3073;0,828;0,6026;1,3059;16,2668;45,4865;0,0347;-0,0584;0,0071
6630;77,0387;0,308;0,8277;0,6022;1,2871;16,4222;45,2684;0,0065;-0,0118;-0,0257
6635;77,10831;0,3087;0,8263;0,6019;1,4495;16,5257;45,3592;0,024;-0,0547;-0,0121
6640;77,17747;0,31;0,8248;0,6015;1,5938;16,7363;45,2836;0,0393;-0,06;-0,0115
6645;77,24693;0,3113;0,8232;0,6012;1,7256;16,9256;45,2345;0,0245;-0,0483;-0,0087
6650;77,31656;0,3123;0,8223;0,6011;1,8152;17,0164;45,2954;0,0467;-0,0042;-0,0061
6655;77,38599;0,3131;0,8224;0,6006;1,8204;17,1337;45,26;0,0358;-0,0093;-0,0181
6660;77,45551;0,314;0,822;0,6003;1,8492;17,2633;45,2742;0,0229;-0,0058;-0,0087
6665;77,52499;0,3142;0,8222;0,5999;1,8497;17,2834;45,267;0,0115;0,0172;-0,0224
6670;77,59415;0,3148;0,8221;0,5999;1,8509;17,348;45,3091;0,0304;0,0112;-0,0127
6675;77,6644;0,3157;0,8219;0,5997;1,8753;17,4974;45,2871;0,0445;-0,0483;-0,0139
6680;77,73338;0,3168;0,821;0,5995;1,9836;17,7215;45,3156;0,0311;-0,023;-0,0082
6685;77,8031;0,3174;0,8202;0,5991;2,0758;17,8066;45,2753;0,0392;-0,0363;-0,0179
6690;77,87206;0,3192;0,8195;0,5989;2,1232;18,0909;45,1958;0,0649;-0,0304;-0,0108
6695;77,94147;0,3202;0,8183;0,5985;2,2886;18,2049;45,2425;0,0305;-0,0771;-0,0184
6700;78,01088;0,321;0,8171;0,5984;2,3408;18,2268;45,2948;0,0279;-0,0475;-0,0144
6705;78,08067;0,3216;0,8138;0,5983;2,6652;18,211;45,538;-0,0025;-0,2659;-0,0115
6710;78,14995;0,3225;0,8119;0,5984;2,8246;18,3381;45,3586;0,0641;-0,0425;0,0098
6715;78,21948;0,3233;0,8109;0,5985;2,8561;18,521;45,1222;0,0076;-0,0558;0,011
6720;78,28882;0,3235;0,8092;0,5988;3,0259;18,4386;45,2231;0,0337;-0,0726;0,0332
6725;78,35835;0,3245;0,8082;0,5991;2,9968;18,6032;45,045;0,0203;-0,0342;-0,0052
6730;78,42745;0,3243;0,806;0,5991;3,2045;18,5145;45,1088;-0,0113;-0,1415;0,0078
6735;78,49693;0,3252;0,8037;0,5995;3,396;18,6155;45,1585;0,0792;-0,0834;0,0414
6740;78,56641;0,3276;0,7996;0,6005;3,7465;18,8609;45,3783;0,0813;-0,1356;0,0587
6745;78,6363;0,3286;0,7979;0,6008;3,766;18,997;45,1609;0,0206;-0,0559;0,0189
6750;78,70595;0,3289;0,7967;0,6006;3,5211;19,0867;44,9223;0,0093;-0,0123;-0,0042
6755;78,77467;0,3282;0,795;0,601;3,7092;18,8624;44,951;-0,0466;-0,1577;0,048
6760;78,84448;0,3281;0,7936;0,6014;3,7948;18,8874;44,9712;-0,0058;-0,0811;0,0222
6765;78,91366;0,3279;0,7922;0,6015;3,907;18,8759;44,9377;-0,0078;-0,0444;-0,0005
6770;78,98324;0,3277;0,7891;0,6022;4,1484;18,8725;44,8096;0,0086;-0,0727;0,0189
6775;79,05312;0,3279;0,7865;0,6026;4,3779;18,9147;44,8622;0,0079;-0,1176;0,015
6780;79,12187;0,3287;0,784;0,6032;4,5773;19,0831;44,7594;0,0247;-0,0972;0,0152
6785;79,19283;0,3292;0,7817;0,6039;4,7254;19,1497;44,8612;0,0102;-0,0598;0,006
6790;79,26073;0,3296;0,7796;0,6042;4,8567;19,166;44,853;0,0136;-0,0933;0,0023
6795;79,33029;0,3298;0,7773;0,6045;4,7915;19,1789;44,9333;-0,0103;-0,0858;0,0045
6800;79,39998;0,3306;0,7739;0,6056;5,0134;19,4009;44,892;0,0115;-0,0622;0,0137
6805;79,46967;0,331;0,7716;0,6062;5,1529;19,4287;44,838;-0,0063;-0,0188;-0,0015
6810;79,53893;0,331;0,7706;0,6064;5,1157;19,4339;44,6864;-0,0056;-0,0148;0,0031
6815;79,6083;0,3308;0,7706;0,6058;5,102;19,4355;44,5642;0,0031;-0,0219;-0,0018
6820;79,67762;0,3304;0,7707;0,6052;5,0297;19,3637;44,499;0,0048;-0,0052;-0,0019
6825;79,74712;0,331;0,77;0,6053;4,9254;19,3392;44,3878;0,0163;-0,0422;-0,0052
6830;79,81658;0,3323;0,7681;0,6054;5,0593;19,4334;44,3913;0,0667;-0,079;0,014
6835;79,88615;0,3323;0,7648;0,6059;5,4;19,2444;44,446;-0,0596;-0,2218;0,0437
6840;79,95565;0,3314;0,7629;0,6068;5,5469;19,0446;44,3683;-0,022;-0,0592;0,0343
6845;80,02493;0,3308;0,7614;0,6082;5,5;19,0162;43,9951;-0,031;-0,0598;0,0462
6850;80,09427;0,3299;0,7588;0,6098;5,7251;18,7077;43,9569;0,0301;-0,1433;0,1352
6855;80,16386;0,3299;0,7565;0,6113;5,8835;18,6364;43,7943;-0,006;-0,1223;0,0608
6860;80,23331;0,3296;0,7526;0,613;6,1569;18,4409;43,6933;-0,0189;-0,2157;0,0906
6865;80,3027;0,3303;0,7506;0,6142;6,2117;18,4544;43,4839;0,0495;-0,1211;0,0732
6870;80,37222;0,3306;0,7472;0,6156;6,5195;18,3304;43,4472;0,0172;-0,1403;0,07
6875;80,44137;0,3307;0,7453;0,6165;6,6753;18,24;43,4204;0,0196;-0,0454;0,0412
6880;80,51103;0,3312;0,7434;0,6178;6,8164;18,2859;43,1055;0,0331;-0,0485;0,0587
6885;80,58039;0,3302;0,742;0,6186;6,9989;18,0434;43,335;-0,0772;-0,075;0,0469
6890;80,64972;0,3296;0,7414;0,62;6,9341;18,0513;43,1582;-0,0389;-0,017;0,0528
6895;80,72103;0,3277;0,7395;0,6209;7,1855;17,7429;43,2703;-0,0614;-0,0568;0,0212
6900;80,78866;0,3275;0,7384;0,6219;7,273;17,7437;43,1464;-0,0109;-0,0501;0,0411
6905;80,85973;0,3277;0,7377;0,6224;7,3445;17,8281;43,0854;0,027;-0,0435;0,0357
6910;80,92759;0,3282;0,7371;0,6227;7,4435;17,8491;43,2104;0,0031;0,0129;-0,0002
6915;80,9968;0,3282;0,7373;0,6222;7,4852;17,9021;43,1281;0,0061;-0,0132;0,0075
6920;81,06656;0,328;0,7377;0,6221;7,4759;17,9112;42,9343;-0,0305;-0,0029;0,013
6925;81,13622;0,3272;0,7371;0,6226;7,5048;17,8016;42,8931;-0,06;-0,0203;0,0241
6930;81,20557;0,3247;0,7346;0,6233;7,7824;17,4837;42,9687;-0,1934;-0,2259;0,0288
6935;81,2749;0,3241;0,7331;0,6238;7,9007;17,4439;42,8283;-0,0308;-0,0572;0,0092
6940;81,34415;0,3234;0,732;0,6241;7,993;17,3488;42,8915;-0,0201;-0,0263;0,0104
6945;81,4137;0,3234;0,7316;0,6247;8,0041;17,3657;42,8493;-0,0044;0,0057;0,0058
6950;81,48329;0,323;0,7316;0,6248;8,0536;17,3143;42,9123;-0,0206;-0,0055;0,0083
6955;81,55307;0,3228;0,7317;0,6251;7,9982;17,2702;42,812;0,02;-0,0053;0,0345
6960;81,62238;0,3227;0,7312;0,6256;8,073;17,2579;42,7593;-0,0154;-0,0528;0,0238
6965;81,69141;0,3226;0,7303;0,6257;8,1569;17,2665;42,7584;0,0053;-0,0183;-0,0013
6970;81,76089;0,3224;0,7296;0,6257;8,2384;17,2445;42,783;-0,0135;0,0016;-0,014
6975;81,83028;0,3219;0,7291;0,6256;8,2369;17,2349;42,7282;-0,051;-0,0454;-0,0028
6980;81,89993;0,321;0,728;0,6259;8,344;17,137;42,8031;-0,0333;-0,0459;0,0192
6985;81,97033;0,3203;0,7275;0,6261;8,3686;17,092;42,8087;-0,0359;-0,0172;0,0159
6990;82,03882;0,3194;0,727;0,6263;8,4404;16,9981;42,7204;-0,0371;-0,0259;0,0106
6995;82,10835;0,3192;0,7277;0,6265;8,1849;17,0936;42,6778;0,0249;0,0677;0,0014
7000;82,1778;0,3192;0,7277;0,6267;8,1406;17,1158;42,6593;-0,0123;-0,0237;0,0046
7005;82,24797;0,3189;0,7269;0,6263;8,2349;17,0954;42,761;0,0003;-0,0622;-0,0387
7010;82,34396;0,319;0,7263;0,6262;8,3049;17,1123;42,7785;0,0079;-0,0086;-0,0135
7015;82,41274;0,3186;0,7256;0,6259;8,4053;17,0283;42,8572;-0,0013;-0,0255;0,0082
7020;82,48317;0,3191;0,7253;0,6263;8,4107;17,1398;42,9158;0,0274;0,0289;-0,0009